data Id,Cluster Number ,Date,Time,Time Category,Day,Victim Age,Age Category,Gender,Vehicle,Weapon,Place,Place Category,Address,Police Station,Location Type,Theft Value Rupees,Theft Category,Number of Suspects,Latitude,Longitude,Involvement of Same Gang Suspected
0,1,22/10/2008,2:30 PM,Afternoon,Wednesday,73,Very Old,F,0,0,Shukrawar Peth,Lower Middle,Swami Samarth Math, Vishrambaug,Street,8000,Low,1,18.511039,73.863814,A women began talking
1,2,23/10/2008,2:30 PM,Afternoon,Thursday,0,0,M,0,0,Swargate,Lower Middle, Satara road,Swargate,Street,36500,Low,4,18.500018,73.858565,two men brawling 
2,outlier ,23/10/2008,8.30 PM,Night,Thursday,21,Young,F,Motorcycle,0,Sahakarnagar ,Lower Middle,Santnagar road,Sahakarnagar ,Street,10000,Low,2,18.484384,73.853485,
3,2,10/01/2009,8:00 PM,Night,Saturday,52,Old,F,Motorcycle,0,Bhusari Colony,Lower Middle,Bhusari Colony,Kothrud,Street,33000,Low,3,18.508393,73.790348,pretext of inquiring an address
4,3,11/02/2009,2:30 PM,Afternoon,Wednesday,45,Middle Age,F,Motorcycle,0,Pimpri,Lower middle,Sant Tukaramnagar,Pimpri,Street,30000,Low,2,18.62316,73.819853,
5,2,11/02/2009,3:30 PM,Afternoon,Wednesday,62,Very Old,F,0,0,Dhankawadi,Poor,Atharva restaurant ,Sahakarnagar,Street,20000,Low,3,18.523984,73.853458,impersonated as police
6,4,14/03/2009,8:30 AM,Morning,Saturday,77,Very Old,F,Motorcycle,0,Dattawadi,Poor,Dattawadi,Dattawadi,Street,30000,Low,2,18.653275,73.777935,
7,4,14/03/2009,9:30 AM,Morning,Saturday,58,Old,F,Motorcycle,0,Sadashiv Peth,Lower middle,Subhashnagar ,Sadashiv Peth,Street,30000,Low,2,18.504744,73.857345, gold chain and bag
8,4,14/03/2009,7:00 PM,Evening,Saturday,39,Adult,F,Motorcycle,0,Yerawada,Lower Middle,Yerawada,Vishrantwadi ,Street,19000,Low,2,18.558406,73.886012,
9,5,16/04/2009,2:30 PM,Afternoon,Thursday,40,Adult,F,Motorcycle,0,Thergaon,Lower middle,near Birla hospital towards Dange chowk, Hinjewadi,Street,29000,Low,1,18.615888,73.765543,Muluk was riding her two-wheeler 
10,5,17/06/2009,8:45 AM,Morning,Wednesday,44,Middle Age,F,0,0,Pune-Alandi Road,Lower middle,Thorlya Paduka Datta temple,Vishrantwadi ,temple,12000,Low,1,18.545484,73.922139,taking advantage of the crowd 4 more from same spot
11,6,17/06/2009,9:30 AM,Morning,Wednesday,0,0,F,0,0,Dighi,Poor,Dighi,Dighi,Street,45000,Medium,1,18.612415,73.877209,
12,6,17/06/2009,2:30 PM,Afternoon,Wednesday,0,0,F,0,0,Dighi,Poor,Dighi,Dighi,Street,50000,Medium,1,18.612415,73.877209,
13,2,25/07/2009,8:30 PM,Night,Saturday,60,Old,F,Motorcycle,0, Model Colony,Upper middle, Model Colony, Model Colony,Street,16000,Low,2,18.528275,73.841739,returning home along with her husband
14,7,26/07/2009,7:30 AM,Early Morning,Sunday,56,Old,F,Motorcycle,0,Marketyard,Lower middle,Gangadham society ,Marketyard,Temple,19000,Low,2,18.483583,73.87144,
15,7,26/07/2009,8:00 AM,Early Morning,Sunday,52,Old,F,Motorcycle,0,Pimple Saudagar,Lower middle,Pimple Saudagar,Sangvi,House,36000,Low,2,18.596701,73.797788,
16,7,01/08/2009,7:00 PM,Evening,Saturday,49,Middle Age,F,Motorcycle,0,Katraj,Lower middle,Katraj,Sahakarnagar,Street,36000,Low,2,18.441591,73.868371,on her way home
17,2,18/08/2009,8:45 AM,Morning,Tuesday,54,Old,F,0,0,Nigdi ,Lower middle,Nigdi ,Nigri,Street,15000,Low,1,18.658769,73.777586,pretext of asking  to wear a mask to protect herself from the swine flu
18,2,18/10/2009,3:30 PM,Afternoon,Sunday,23,Young,F,Motorcycle,0,Hadapsar,Lower Middle,Hadapsar,Wanowrie,Street,7500,Low,2,18.506608,73.919786,
19,8,18/10/2009,7:00 PM,Evening,Sunday,46,Middle Age,F,0,0,Khilarwadi,Poor,Khilarwadi,Deccan Gymkhana,Street,70000,Medium,2,18.516756,73.84296,
20,1,18/10/2009,7:00 PM,Evening,Sunday,84,Very Old,F,0,0,Wakdewadi,Lower middle,Wakdewadi,Khadki,Street,10000,Low,2,18.538587,73.850585,
21,2,18/10/2009,9:00 PM,Night,Sunday,42,Middle Age,F,Motorcycle,0,Sahakarnagar,Lower middle,Sahakarnagar,Sahakarnagar,Street,30000,Low,2,18.486681,73.844478,
22,7,19/10/2009,8:45 AM,Morning,Monday,48,Middle Age,F,Motorcycle,0,Wakdewadi,Lower middle,pune-satara road,Wakdewadi,Street,30000,Low,1,18.542427,73.8522,
23,2,19/10/2009,2:30 PM,Afternoon,Monday,44,Middle Age,F,0,0,Paud Road,Lower middle,Paud Road,Kothrud,Street,30000,Low,1,18.50584,73.824909,
24,9,19/10/2009,8:30 PM,Night,Monday,30,Young,F,0,0,Raviwar Peth,Lower middle,Raviwar Peth,Raviwar Peth,Street,60000,Medium,2,18.513366,73.861384,
25,10,23/10/2009,8:45 PM,Night,Friday,47,Middle Age,M,0,Knife,Uruli Devachi,Poor,Uruli Devachi,Loni Kalbhor,Street,333000,Very High,4,18.45499,73.956557,blocked the car
26,1,25/10/2009,7:00 PM,Evening,Wednesday,72,Very Old,F,0,0,pimpri,Lower middle,Dattawadi,Dattawadi,Street,45000,Medium,3,18.642474,73.720571,
27,2,25/10/2009,9:30 PM,Night,Wednesday,28,Young,F,Motorcycle,0,pimpri,Lower middle,Morwadi,Pimpri,Street,30000,Low,2,18.63339,73.805138,
28,3,07/07/2010,2:30 PM,Afternoon,Wednesday,23,Young,F,0,0,Hadapsar,Lower Middle,Hadapsar,Hadapsar,Street,30000,Low,1,18.496774,73.941668,
29,3,07/07/2010,2:30 PM,Afternoon,Wednesday,45,Middle Age,F,0,0,Vishrantwadi ,Poor,Vishrantwadi ,Vishrantwadi ,Street,61000,Medium,2,18.570985,73.878741,
30,2,07/07/2010,2:30 PM,Afternoon,Wednesday,45,Middle Age,F,0,0,Hadapsar,Lower Middle,Hadapsar,Hadapsar,Street,18000,Low,2,18.496691,73.941665,during the palkhis
31,5,22/09/2010,8:30 PM,Night,Wednesday,58,Old,F,0,0,Laxmi road,Lower middle,Sevasadan chowk,Vishrambaug,Street,100000,High,2,18.51461,73.852347,
32,11,15/10/2010,12:45 PM,Afternoon,Friday,32,Adult,F,Motorcycle,0,Wanowrie,Lower middle,command hospital,Wanowrie,Street,73000,High,2,18.499613,73.888952,
33,7,30/10/2010,6:30 PM,Evening,Saturday,42,Middle Age,F,Motorcycle,0,Wanowrie,Lower middle,Jambhulkar chowk,Wanowrie,Street,30000,Low,2,18.495075,73.898677,
34,2,07/12/2010,8:15 PM,Night,Tuesday,34,Adult,F,Motorcycle,0,Bhosari,Poor,Moshi,Bhosari,Street,90000,High,2,18.6507,73.839942,
35,2,07/12/2010,8:15 PM,Night,Tuesday,48,Middle Age,F,Motorcycle,0,Kothrud,Upper middle,Karvenagar,Kothrud,Street,54000,Medium,2,18.489365,73.814625,
36,2,17/12/2010,3:00 PM,Afternoon,Friday,19,Young,F,Motorcycle,0,Dhankawadi,Poor,Chavannagar,sahakarnagar,Street,45000,Medium,2,18.493704,73.899793,
37,10,17/12/2010,8:00 PM,Night,Friday,49,Middle Age,F,Motorcycle,0,Nigdi ,Lower middle,Trimurti hall,Nigri,Street,51000,Medium,1,18.649844,73.776146,
38,2,18/12/2010,7:00 PM,Evening,Saturday,55,Old,F,Motorcycle,0,Vadgaonsheri,Poor,Mahadevnagar,Yerawada,Street,25000,Low,2,18.545011,73.922879,
39,7,19/12/2010,3.30 PM,Afternoon,Sunday,0,0,F,Motorcycle,0,Wanowrie,Lower middle,Command Hospital,Wanowrie,Street,150000,Very High,2,18.499626,73.888944,
40,6,12/01/2011,2:30 PM,Afternoon,Wednesday,53,Old,F,0,0,Vadgaonsheri,Poor,Vadgaonsheri,Vadgaonsheri,Street,30000,Low,2,18.543963,73.923139,
41,2,12/01/2011,2:30 PM,Afternoon,Wednesday,65,Very Old,F,Motorcycle,0,Chinchwad,Lower Middle,Chinchwad,Chinchwad,Street,28000,Low,4,18.621653,73.762217,
42,outlier ,13/01/2011,5:45 PM,Evening,Thursday,0,0,F,Motorcycle,0,Vimannagar,Lower Middle,Vimannagar,Vimannagar,Street,70000,Medium,2,18.566698,73.915404,
43,7,15/01/2011,12:30 PM,Afternoon,Saturday,30,Young,F,Motorcycle,0,Nigdi ,Lower middle,Nigdi ,Nigri,Street,23000,Low,1,18.65174,73.768378,
44,2,15/01/2011,5:00 PM,Evening,Saturday,43,Middle Age,F,Motorcycle,0,Vishrantwadi,Poor,Pune-Alandi road,Vishrantwadi ,Street,66000,Medium,2,18.570123,73.878957,
45,7,15/01/2011,5:00 PM,Evening,Saturday,80,Very Old,F,Motorcycle,0,Erandwane,Upper middle,Erandwane,Erandwane,Street,40000,Low,2,18.506084,73.831611,
46,8,15/01/2011,5:30 PM,Evening,Saturday,0,0,F,Motorcycle,0,Shankarsheth road,Lower middle,Dhole Patil Chowk ,Khadak,Street,90000,High,2,18.534788,73.879601,
47,9,15/01/2011,9:30 PM,Night,Saturday,42,Middle Age,F,Motorcycle,0,Tingrenagar,Poor,Tingrenagar,Vishrantwadi ,Street,45000,Medium,2,18.578526,73.881962,
48,1,18/01/2011,7:00 PM,Evening,Tuesday,65,Very Old,F,Motorcycle,0,Hadapsar,Lower Middle,samarth shrushti,Hadapsar,Street,25000,Low,2,18.507033,73.958834,
49,outlier ,19/01/2011,6:00 AM,Early Morning,Wednesday,43,Middle Age,F,Motorcycle,Assault,Nigdi Pradhikaran,Lower middle,Kachghar Bungalow,Nigdi,Street,700,Low,1,18.653402,73.768188,
50,5,26/01/2011,5:30 PM,Evening,Wednesday,22,Young,F,0,0,Nigdi ,Lower middle,Gaothan area,Nigdi,Street,7000,Low,1,18.661826,73.776468,
51,6,11/02/2011,2:30 PM,Afternoon,Friday,45,Middle Age,F,Motorcycle,0,Vadgaonsheri,Poor,Sainikwadi,Vadgaonsheri,Street,22500,Low,1,18.550981,73.91686,
52,11,11/02/2011,9:00 PM,Night,Friday,60,Old,F,Motorcycle,0,Khadki,Lower Middle,Aundh road,Khadki,Street,30000,Low,2,18.5677,73.838698,
53,6,12/02/2011,1:00 PM,Afternoon,Saturday,34,Adult,F,Motorcycle,0,Sahakarnagar,Lower middle,Tavare colony,Sahakarnagar,Street,54000,Medium,1,18.489586,73.857302,
54,6,12/02/2011,9:00 PM,Night,Saturday,32,Adult,F,Motorcycle,0,Bhosari,Poor,Gandhrva Nagari,Bhosari,Street,75000,High,2,18.496881,73.81047,
55,2,06/03/2011,5:00 PM,Evening,Sunday,35,Adult,F,Motorcycle,0,Swargate,Lower middle,Shankarsheth road ,Khadak,Street,48000,Medium,2,18.502106,73.871297,
56,outlier ,06/03/2011,6:00 PM,Evening,Sunday,30,Young,F,Motorcycle,0,Sukhsagarnagar,Lower middle,Sukhsagarnagar, Bharati Vidyapeeth ,Street,90000,High,2,18.457567,73.869838,
57,5,07/03/2011,6:00 PM,Evening,Monday,33,Adult,F,Motorcycle,0,Pimple Gurav,Lower middle,Pimple Gurav,Sangvi,Street,90000,High,2,18.586748,73.815435,
58,6,04/04/2011,6:15 AM,Early Morning,Monday,70,Very Old,F,Motorcycle,0,Sadashiv Peth,Lower middle,Sadashiv Peth,Sadashiv Peth,Street,25000,Low,2,18.508663,73.844843,
59,9,04/04/2011,10:30 PM,Night,Monday,55,Old,F,0,0,Yerawada,Lower Middle,Yerawada,Yerawada,House,15000,Low,1,18.558363,73.886004,
60,2,04/04/2011,11:45 PM,Night,Monday,40,Adult,F,Motorcycle,0,Rasta peth,Lower middle,Rasta Peth,Rasta Peth,Street,40000,Low,2,18.517794,73.866896,
61,2,05/04/2011,1:00 AM,Night,Tuesday,34,Adult,F,Motorcycle,0,Sahakarnagar,Lower middle,Sahakarnagar,Sahakarnagar,Street,90000,High,2,18.476564,73.852809,
62,6,11/04/2011,7:00 AM,Early Morning,Monday,70,Very Old,F,Motorcycle,0,Sadashiv Peth,Lower middle,Suhas Apartment Sadashiv Peth,Khadak,Street,25000,Low,2,18.508587,73.844855,
63,2,11/04/2011,11:55 PM,Night,Monday,40,Adult,F,Motorcycle,0,Rasta Peth,Lower middle,Kadar Chowk Rasta Peth,Samarth,Street,35000,Low,2,18.520164,73.864796,
64,11,12/04/2011,1:15 PM,Afternoon,Tuesday,34,Adult,F,Motorcycle,0,Pune-Satara Road,Lower middle,Gururaj Bhel Pune-Satara Road,Sahakarnagar,Victim on Bike,90000,High,2,18.497487,73.862348,
65,3,13/04/2011,3:55 PM,Afternoon,Wednesday,43,Middle Age,F,Motorcycle,0,Old Sangvi,Poor,Shitolenagar,Sangvi,Street,30000,Low,2,18.476699,73.858077,
66,3,13/04/2011,4:00 PM,Afternoon,Wednesday,42,Middle Age,F,Motorcycle,0,Dattawadi,Poor,Dattawadi,Dattawadi,Street,45000,Medium,2,18.653305,73.777938,
67,6,13/04/2011,4:15 PM,Afternoon,Wednesday,53,Old,F,Motorcycle,0,Market Yard,Lower middle,Market Yard,Market Yard,Street,15000,Low,2,18.487698,73.868366,
68,11,13/04/2011,5:15 PM,Evening,Wednesday,0,0,F,Motorcycle,0,Hadapsar,Lower Middle,Hadapsar,Hadapsar,Street,60000,Medium,2,18.496703,73.941665,
69,2,17/04/2011,6:45 AM,Early Morning,Sunday,75,Very Old,F,0,0,Sadashiv Peth,Lower middle,Shubhankar apartments,Vishrambaug,House,45000,Medium,1,18.501002,73.827266,
70,8,17/04/2011,7:30 PM,Evening,Sunday,45,Middle Age,F,Motorcycle,0,Thergaon,Lower middle,Thergaon,Hinjewadi,Street,142000,Very High,2,18.617705,73.774263,
71,9,18/04/2011,11:30 PM,Night,Monday,29,Young,F,Motorcycle,0,Hadapsar,Lower Middle,Gadital area,Hadapsar,Bus Stop,20000,Low,2,18.50101,73.942961,pretext of inquiring about an address
72,10,31/05/2011,1:00 PM,Afternoon,Tuesday,63,Very Old,F,Motorcycle,0,MG Road,Upper middle,MG Road Camp,Cantonment,Street,40000,Low,2,18.516054,73.879,Gang D
73,10,31/05/2011,2:30 PM,Afternoon,Tuesday,65,Very Old,M,Motorcycle,0,Bibvewadi-Kondhwa Road,Lower Middle,Bibvewadi-Kondhwa Road,Swargate,Street,35000,Low,2,18.480566,73.869814,Gang D
74,2,31/05/2011,2:30 PM,Afternoon,Tuesday,67,Very Old,F,Motorcycle,0,Yerawada,Lower Middle,Yerawada,Yerawada,Street,35000,Low,2,18.557252,73.884021,Gang D
75,3,01/06/2011,8:00 AM,Early Morning,Wednesday,55,Old,F,Motorcycle,0,Kharadi,Lower Middle,Kharadi,Yerawada,Street,70000,Medium,2,18.551719,73.944584,Gang D
76,11,03/06/2011,2:30 PM,Afternoon,Friday,32,Adult,F,Motorcycle,0,Paud road,Lower middle,Anandnagar,Kothrud,Street,30000,Low,2,18.509556,73.813887,
77,outlier ,03/06/2011,9:00 PM,Night,Friday,0,0,F,0,0,Deccan,Upper middle,Deccan bus stand,Deccan Gymkhana,Bus Stop,10000,Low,1,18.516771,73.842949,
78,7,04/06/2011,2:30 PM,Afternoon,Saturday,22,Young,M,0,0,Yerawada,Lower Middle,PMPML bus stop,Yerawada,Bus Stop,17500,Low,4,18.545412,73.887474,picked up a fight
79,outlier ,18/06/2011,11:00 PM,Night,Saturday,26,Young,M,Motorcycle,0,Koregaon park,Rich,Koregaon park,Bund garden,Street,35000,Low,2,18.53582,73.891883,
80,7,20/06/2011,10:30 AM,Morning,Monday,50,Middle Age,F,Motorcycle,0,Shaniwar Peth ,Lower middle,near Ahilyadevi school,Vishrambaug ,Street,49600,Medium,2,18.518458,73.851347,
81,7,25/06/2011,9:00 AM,Morning,Saturday,0,0,F,0,0,Pune-Alandi road,Lower middle,near sai temple,Vishrantwadi,Street,110000,Very High,1,18.573603,73.885202,
82,7,25/06/2011,3:30 PM,Afternoon,Saturday,24,Young,F,0,0,Pune-Alandi road,Lower middle,Kalas,Vishrantwadi ,Street,30000,Low,2,18.588288,73.874918,
83,7,10/07/2011,9:40 AM,Morning,Sunday,56,Old,F,Motorcycle,0,Sahakarnagar,Lower middle,Aranyeshawar chowk,Sahakarnagar,Street,20000,Low,2,18.478373,73.851535,
84,4,10/07/2011,12:00 PM,Afternoon,Sunday,50,Middle Age,F,Motorcycle,0,Sahakarnagar,Lower middle,Sahakarnagar,Sahakarnagar,Street,97500,High,2,18.47838,73.851538,
85,4,10/07/2011,1:00 PM,Afternoon,Sunday,43,Middle Age,F,0,0,Kothrud,Upper middle,Gananjay society,Kothrud,Street,30000,Low,2,18.499674,73.804556,
86,7,10/07/2011,1:30 PM,Afternoon,Sunday,35,Adult,F,Motorcycle,0,Swargate,Lower middle,Swargate,swargate,Street,20000,Low,2,18.500514,73.866899,
87,2,11/07/2011,6:00 PM,Evening,Monday,71,Very Old,F,0,0,Kothrud,Upper middle,Mahatma society,Kothrud,Street,40000,Low,2,18.498145,73.798526,
88,6,31/07/2011,8:00 PM,Night,Sunday,55,Old,F,Motorcycle,0,Shaniwar Peth ,Lower middle,towards Kelkar road,Vishrambaug,Street,48000,Medium,2,18.519742,73.855341,
89,2,01/08/2011,8:30 PM,Night,Monday,32,Adult,F,Motorcycle,0,Tathawade,Lower middle,Tathawade,Hinjewadi,Street,43600,Medium,2,18.621897,73.756612,
90,4,02/08/2011,4:30 PM,Afternoon,Tuesday,60,Old,F,Motorcycle,0,Bibvewadi,Lower Middle,Bibvewadi,Sahakarnagar,Street,45000,Medium,2,18.470392,73.868371,
91,1,07/08/2011,6:00 PM,Evening,Sunday,61,Very Old,F,Motorcycle,0,Market Yard,Lower middle,Market Yard,Market Yard,Street,40000,Low,2,18.487683,73.868363,
92,2,07/08/2011,8:00 PM,Night,Sunday,48,Middle Age,F,Motorcycle,0,Chinchwad,Lower Middle,Chinchwad,Chinchwad,Street,60000,Medium,2,18.621614,73.762215,
93,12,07/08/2011,11:00 PM,Night,Sunday,23,Young,F,0,0,Kalyaninagar,Rich,Kalyaninagar,Kalyaninagar,Street,15000,Low,2,18.548136,73.903299,
94,11,25/08/2011,2:30 PM,Afternoon,Thursday,24,Young,F,0,0,Karve road,Upper middle,SNDT bus stop,Kothrud,Bus Stop,25000,Low,1,18.507259,73.828666,
95,6,25/08/2011,8:30 PM,Night,Thursday,40,Adult,F,Motorcycle,0,Chinchwad,Lower Middle,Chinchwad,chinchwad,Street,1000,Low,3,18.62162,73.762217,
96,11,26/08/2011,8:45 AM,Morning,Friday,44,Middle Age,F,0,0,Chinchwad,Lower Middle,Vijaynagar,chinchwad,House,30000,Low,1,18.620224,73.790802,
97,11,27/08/2011,10:45 AM,Morning,Saturday,47,Middle Age,F,Motorcycle,0,Kothrud,Upper middle,Gujrat colony,Kothrud,Street,70000,Medium,2,18.506242,73.808823,
98,11,28/08/2011,8:45 AM,Morning,sunday,58,Old,F,Motorcycle,0,Nigdi Pradhikaran,Lower middle,Nigdi ,Nigdi,Street,37000,Low,2,18.651755,73.768378,
99,7,03/09/2011,6:15 PM,Evening,Saturday,46,Middle Age,F,Motorcycle,0,Nigdi Pradhikaran,Lower middle,Nigdi ,Nigdi ,Market,47000,Medium,1,18.65175,73.768381,
100,8,03/09/2011,6:30 PM,Evening,Saturday,26,Young,F,0,0,Nigdi,Lower middle,Yamunanagar,Nigdi,Street,30000,Low,1,18.651742,73.768378,
101,11,05/09/2011,1:30 PM,Afternoon,Monday,39,Adult,F,Motorcycle,0,Paud road,Lower middle,PMPML bus depot,Kothrud,Street,21000,Low,2,18.506735,73.795329,
102,11,05/09/2011,4:30 PM,Afternoon,Monday,35,Adult,F,Motorcycle,0,Swargate,Lower middle,Mukundnagar,Swargate,Street,60000,Medium,2,18.491186,73.857951,
103,outlier ,05/09/2011,9:00 PM,Night,Monday,24,Young,F,Motorcycle,0,Hadapsar,Lower Middle,Peer Chowk Hadapsar,Hadapsar,Street,105000,Very High,1,18.509973,73.928174,woman riding pillion
104,7,11/09/2011,1:45 PM,Afternoon,Sunday,0,0,M,0,Knife,Kondhwa,Lower Middle,near Sant Gadge Maharaj school,Kondhwa,Street,90000,High,1,18.466678,73.891889,
105,11,24/09/2011,10:30 AM,Morning,Saturday,50,Middle Age,0,Motorcycle,0,Old Sangvi,Poor,Shitolenagar,Sangvi,Street,34000,Low,2,18.57128,73.819845,
106,11,24/09/2011,10:30 AM,Morning,Saturday,50,Middle Age,F,Motorcycle,0,Sangvi,Poor,Shitolenagar Old Sangvi,Sangvi,Street,34000,Low,2,18.573179,73.817157,Gang A
107,4,24/09/2011,10:45 AM,Morning,Saturday,69,Very Old,F,Motorcycle,0,Aundh,Lower Middle,Aundh,Aundh,Street,20000,Low,2,18.559205,73.809572,Gang A
108,7,24/09/2011,10:45 AM,Morning,Saturday,69,Very Old,F,0,0,Aundh,Lower Middle,Aundh,Aundh,Street,20000,Low,1,18.560812,73.814121,
109,7,24/09/2011,11:00 AM,Morning,Saturday,69,Very Old,F,0,0,Aundh,Lower Middle,Sanewadi,Chatushrungi,Street,24000,Low,2,18.553488,73.805881,
110,7,24/09/2011,11:00 AM,Morning,Saturday,69,Very Old,F,Motorcycle,0,Aundh,Lower Middle,Aundh,Chatushrungi,Street,24000,Low,2,18.559205,73.809572,Gang A
111,11,24/09/2011,11:30 AM,Morning,Saturday,50,Middle Age,F,Motorcycle,0,Kasarwadi,Poor,Kasarwadi,Kasarwadi,Street,34500,Low,2,18.606116,73.822787,
112,11,24/09/2011,11:30 AM,Morning,Saturday,50,Middle Age,F,Motorcycle,0,Kasarwadi,Poor,Kasarwadi,Bhosari,Street,34500,Low,2,18.606554,73.825279,Gang A
113,3,24/09/2011,12:00 PM,Afternoon,Saturday,53,Old,F,Motorcycle,0,Pune -Alandi Road,Lower middle,Pune -Alandi Road,Vishrantwadi,Street,45000,Medium,2,18.574338,73.878223,Gang A
114,3,24/09/2011,12:00 PM,Afternoon,Saturday,53,Old,F,Motorcycle,0,Pune-Alandi road,Lower middle,Pune-Alandi road,Vishrantwadi ,Street,45000,Medium,2,18.566906,73.879199,
115,4,24/09/2011,12:15 PM,Afternoon,Saturday,68,Very Old,F,Motorcycle,0,Gultekdi,Lower Middle,Madhav Ashram Gultekdi,Swargate,Street,30000,Low,2,18.492226,73.867539,Gang A
116,4,24/09/2011,12:15 PM,Afternoon,Saturday,68,Very Old,F,0,0,Gultekdi,Lower Middle,Adinath society,swargate,Street,30000,Low,1,18.495612,73.862926,
117,7,24/09/2011,12:30 PM,Afternoon,Saturday,27,Young,F,Motorcycle,0,Ghorpadi,Poor,Ghorpadi,Mundhwa,Street,38000,Low,2,18.51905,73.897771,
118,4,24/09/2011,12:30 PM,Afternoon,Saturday,27,Young,F,Motorcycle,0,Ghorpadi,Poor,Ghorpadi,Mundhwa,Street,38000,Low,2,18.520632,73.897806,Gang A
119,6,05/10/2011,8:30 PM,Night,Wednesday,0,0,F,0,0,Yerawada,Lower Middle,Jail Road Yerawada,Yerawada,Street,20000,Low,2,18.565551,73.89438,
120,6,05/10/2011,9:45 PM,Night,Wednesday,0,0,F,0,0,Phugewadi,Lower middle,Phugewadi,Phugewadi,Street,40000,Low,2,18.587233,73.834513,
121,outlier ,06/10/2011,10:30 AM,Morning,Thursday,30,Young,F,Motorcycle,0,Kothrud,Upper middle,Mayur Colony Kothrud,Kothrud,Victim on Bike,30000,Low,2,18.504131,73.81617,
122,7,09/10/2011,7:30 AM,Early Morning,Sunday,58,Old,F,Motorcycle,0,Sadashiv Peth,Lower middle,Brahman Mangal Karyalaya,Vishrambaug,Temple,30000,Low,1,18.510685,73.852519,Gang B
123,7,09/10/2011,8:15 AM,Early Morning,Sunday,58,Old,F,Motorcycle,0,Kothrud,Upper middle,Abhinav School Erandwane,Kothrud,Street,65000,Medium,1,18.508528,73.829262,Gang B
124,outlier ,11/10/2011,3:30 PM,Afternoon,Tuesday,0,0,F,0,0,Shukrawar Peth,Lower Middle,Tilak road,Shukrawar Peth,Street,13000,Low,1,18.503459,73.855952,
125,2,23/10/2011,7:00 AM,Early Morning,Sunday,65,Very Old,F,Motorcycle,0,Dhankawadi,Poor,Dhankawadi,Dhankawadi,Street,37000,Low,1,18.463078,73.850719,
126,outlier ,24/10/2011,7:30 AM,Early Morning,Monday,53,Old,F,Motorcycle,0,Shastrinagar,Lower middle,Shastrinagar,Yerawada,Street,30000,Low,2,18.554895,73.896293,
127,3,26/10/2011,2:30 PM,Afternoon,Wednesday,21,Young,M,0,Assault,Yerawada,Lower Middle,Ganeshnagar Yerawada,Yerawada,Street,13000,Low,2,18.552759,73.884148,
128,6,26/10/2011,3:45 PM,Afternoon,Wednesday,0,0,F,Motorcycle,0,Sarasbaug,Lower Middle,Sarasbaug,Sarasbaug,Victim on Bike,80000,High,2,18.500371,73.8533,
129,5,26/10/2011,5:30 PM,Evening,Wednesday,22,Young,F,0,0,Warje-Malwadi,Lower middle,Between Ahiregaon and Dangat industries,Warje-Malwadi,Street,40000,Low,2,18.474735,73.80128,
130,11,26/10/2011,7:30 PM,Evening,Wednesday,0,0,F,Motorcycle,0,Pune-Satara Road,Lower middle,Padmawati Bridge Pune-Satara Road,Sahakarnagar,Victim on Bike,66000,Medium,2,18.474478,73.856191,
131,outlier ,28/10/2011,2:30 PM,Afternoon,Friday,0,0,F,Motorcycle,Knife,Hadapsar,Lower Middle,Hadapsar,Hadapsar,Street,80000,High,2,18.496698,73.9417,
132,2,04/12/2011,5:00 PM,Evening,Sunday,85,Very Old,F,Motorcycle,0,Khadki,Lower Middle,Khadki,Khadki,Street,51000,Medium,1,18.570418,73.859549,
133,12,04/12/2011,8:00 PM,Night,Sunday,26,Young,F,Motorcycle,0,Market Yard,Lower middle,Market Yard,Swargate,Street,40000,Low,2,18.48765,73.868371,
134,4,11/12/2011,3:00 PM,Afternoon,Sunday,48,Middle Age,F,Motorcycle,0,Kothrud,Upper middle,Anand Nagar Kothrud,Kothrud,Street,50000,Medium,2,18.506735,73.814705,
135,outlier ,11/12/2011,7:30 PM,Evening,Sunday,0,0,F,Motorcycle,0,Sangvi,Poor,Pavnanagar Lane Pimple Gurav,Sangvi,Street,37500,Low,2,18.631804,73.779408,
136,11,19/12/2011,2:30 PM,Afternoon,Monday,26,Young,F,Motorcycle,0,Bavdhan,Upper middle,Bavdhan,Hinjewadi,Street,75000,High,2,18.504558,73.765381,
137,11,19/12/2011,3:15 PM,Afternoon,Monday,27,Young,F,Motorcycle,0,Dhankawadi,Poor,Dhankawadi,Dhankawadi,Street,50000,Medium,2,18.463083,73.850692,
138,11,19/12/2011,3:30 PM,Afternoon,Monday,40,Adult,F,0,0,Bharati Vidyapeeth,Lower Middle,Bharati Vidyapeeth,Bharati Vidyapeeth,Inside Bus,110000,Very High,2,18.458297,73.855657,
139,4,21/01/2012,12:00 PM,Afternoon,Saturday,64,Very Old,F,Motorcycle,0,Karve Road,Upper middle,Kothrud Stand Karve Road,Kothrud,Street,90000,High,2,18.502838,73.818616,
140,2,21/01/2012,12:40 PM,Afternoon,Saturday,42,Middle Age,F,Motorcycle,0,Warje-Malwadi,Lower middle,Warje-Malwadi,Warje-Malwadi,Street,75000,High,2,18.480347,73.800937,
141,4,21/01/2012,2:00 PM,Afternoon,Saturday,0,0,F,Motorcycle,0,Aundh,Lower Middle,Aundh,Chatushrungi,Street,80000,High,2,18.557361,73.809392,
142,2,21/01/2012,3:00 PM,Afternoon,Saturday,48,Middle Age,F,Motorcycle,0,Kalewadi,Poor,Tapkirnagar Kalewadi,Sangvi,Street,66000,Medium,2,18.612588,73.784439,
143,4,28/01/2012,9:45 AM,Morning,Saturday,64,Very Old,F,Motorcycle,0,Nigdi,Lower middle,Nigdi Pradhikaran,Nigdi ,Street,52000,Medium,2,18.652954,73.766658,
144,2,28/01/2012,5:30 PM,Evening,Saturday,55,Old,F,Motorcycle,0,Sukhsagarnagar,Lower middle,Surabhi Marriage Hall Sukhsagarnagar,Dattawadi,Street,80000,High,2,18.457432,73.871013,
145,7,28/01/2012,6:00 PM,Evening,Saturday,50,Middle Age,F,Motorcycle,0,Pune-Satara Road,Lower middle,Pune-Satara Road,Sahakarnagar,Street,130000,Very High,2,18.477747,73.857038,
146,3,28/01/2012,6:40 PM,Evening,Saturday,59,Old,F,0,0,Bibvewadi,Lower Middle,Bibvewadi,Sahakarnagar,Street,50000,Medium,2,18.470339,73.868277,
147,3,08/02/2012,4:30 PM,Afternoon,Wednesday,55,Old,F,Motorcycle,0,Karvenagar,Upper middle,Nav Sahyadri Society Karvenagar,Kothrud,Street,40000,Low,2,18.495431,73.828986,
148,2,08/02/2012,6:30 PM,Evening,Wednesday,53,Old,F,Motorcycle,0,Sahakarnagar,Lower middle,Nikhil Society Sahakarnagar,Dattawadi,Street,80000,High,2,18.489721,73.848641,
149,2,25/02/2012,4:30 PM,Afternoon,Saturday,57,Old,F,Motorcycle,0,Aundh,Lower Middle,Land Mark Society Aundh,Khadki,Street,130000,Very High,2,18.56218,73.833354,
150,4,25/02/2012,8:30 PM,Night,Saturday,72,Very Old,F,Motorcycle,0,Kothrud,Upper middle,Ideal Colony Kothrud,Kothrud,Street,95000,High,2,18.510164,73.816913,
151,1,29/02/2012,8:45 AM,Morning,Wednesday,68,Very Old,F,Motorcycle,0,Chinchwad,Lower Middle,Shreeram Road Chinchwad,Chinchwad,Street,80000,High,2,18.599182,73.799735,
152,6,09/03/2012,3:30 PM,Afternoon,Saturday,37,Adult,F,Motorcycle,0,Riverbed Road,Lower middle,Gokuldas Maharaj Samadhi Temple Riverbed Road,Shivajinagar,Victim on Bike,30000,Low,2,18.530785,73.84752,
153,6,10/03/2012,10:00 AM,Morning,Sunday,78,Very Old,F,Motorcycle,0,Prabhat Road,Rich,Sanskruti Apartment Prabhat Road,Deccan Gymkhana,Street,80000,High,1,18.483761,73.93231,
154,11,28/03/2012,6:00 AM,Early Morning,Wednesday,72,Very Old,F,Motorcycle,0,Rasta Peth,Lower middle,Rasta Peth,Samarth,House,40000,Low,2,18.517807,73.866885,
155,1,28/03/2012,10:00 AM,Morning,Wednesday,65,Very Old,F,Motorcycle,0,Kothrud,Upper middle,Jog High School Kothrud,Kothrud,Street,50000,Medium,2,18.508139,73.805462,
156,12,28/03/2012,11:00 AM,Morning,Wednesday,37,Adult,F,Motorcycle,0,Karvenagar,Upper middle,Karvenagar,Warje-Malwadi,Street,85000,High,2,18.489174,73.821258,
157,12,28/03/2012,11:15 AM,Morning,Wednesday,38,Adult,F,Motorcycle,0,Karvenagar,Upper middle,Karvenagar,Warje-Malwadi,Street,75000,High,2,18.489164,73.821536,
158,2,28/03/2012,12:30 PM,Afternoon,Wednesday,48,Middle Age,F,Motorcycle,0,Hadapsar,Lower Middle,Hadapsar,Hadapsar,Street,80000,High,2,18.496825,73.942791,
159,2,10/04/2012,9:30 AM,Morning,Tuesday,56,Old,F,Motorcycle,0,Nigdi,Lower middle,Nigdi Pradhikaran,Deccan Gymkhana,Street,90000,High,2,18.651938,73.768337,Gang C
160,2,10/04/2012,10:30 AM,Morning,Tuesday,61,Very Old,F,0,0,Kothrud,Upper middle,Paramhansnagar Kothrud,Deccan Gymkhana,House,70000,Medium,1,18.511476,73.80293,Gang C
161,outlier ,10/04/2012,11:30 AM,Morning,Tuesday,0,0,F,0,0,Rahatani,Lower middle,Ganesh Sunshine Heights Society Rahatani,Deccan Gymkhana,Street,60000,Medium,2,18.598744,73.785883,Gang C
162,outlier ,18/05/2012,10:00 AM,Morning,Friday,21,Young,F,Motorcycle,0,Vishrambaug Ward,Lower Middle,Vishrambaug Ward,Vishrambaug Ward,Street,48000,Medium,2,18.513786,73.852231,
163,11,25/05/2012,6:30 AM,Early Morning,Friday,58,Old,F,Motorcycle,0,Karvenagar,Upper middle,Wadacha Stop Karvenagar,Warje-Malwadi,Street,25000,Low,2,18.510388,73.834824,
164,11,25/05/2012,7:45 AM,Early Morning,Friday,60,Old,F,0,0,Sinhagad Road,Lower Middle,Sinhagad Road,Dattawadi,Street,24000,Low,2,18.499506,73.840135,
165,outlier ,25/05/2012,10:30 AM,Morning,Friday,51,Old,F,Motorcycle,0,Tathawade Garden,Lower middle,Tathawade Garden,Kothrud,Street,15000,Low,2,18.493346,73.827435,
166,3,25/05/2012,11:45 AM,Morning,Friday,64,Very Old,F,Motorcycle,0,Paud Road,Lower middle,Kishkindhanagar Paud Road,Kothrud,Street,50000,Medium,2,18.509528,73.812648,
167,outlier ,29/05/2012,7:45 AM,Early Morning,Tuesday,0,0,F,Motorcycle,0,Market Yard,Lower middle,Walvekarnagar Market Yard,Sahakarnagar,Street,75000,High,2,18.483567,73.871425,
168,6,29/05/2012,7:50 AM,Early Morning,Tuesday,63,Very Old,F,Motorcycle,0,Market Yard,Lower middle,Bibvewadi-Kondhwa Road,Market Yard,Street,45000,Medium,2,18.480555,73.869827,
169,2,29/05/2012,8:30 PM,Night,Tuesday,45,Middle Age,F,Motorcycle,0,Yerawada,Lower Middle,Pratik Nagar Yerawada,Yerawada,Street,40000,Low,2,18.56848,73.883731,
170,2,29/05/2012,8:40 PM,Night,Tuesday,63,Very Old,F,Motorcycle,0,Yerawada,Lower Middle,Pratik Nagar Yerawada,Yerawada,Street,75000,High,2,18.568501,73.883697,
171,outlier ,31/05/2012,6:00 AM,Early Morning,Thursday,53,Old,F,Motorcycle,0,Shaniwar Wada,Lower middle,Nava pool,Faraskhana,Street,160000,Very High,2,18.519806,73.856197,
172,4,01/06/2012,8:00 AM,Early Morning,Friday,85,Very Old,F,Motorcycle,0,Tawre Colony,Lower middle,Tawre Colony,Dattawadi,Street,30000,Low,2,18.486874,73.855503,
173,2,01/06/2012,10:40 PM,Night,Friday,35,Adult,F,Motorcycle,0,Swargate,Lower middle,Swargate-Khadakmal Ganpati Road,Khadak,Street,30000,Low,2,18.504075,73.856143,
174,7,02/06/2012,9:35 AM,Morning,Saturday,66,Very Old,F,Motorcycle,Knife,Wanowrie,Lower middle,Tatya Tope Society Wanowrie,Wanowrie,Street,42000,Medium,2,18.501465,73.885754,
175,4,02/06/2012,10:00 AM,Morning,Saturday,72,Very Old,F,Motorcycle,0,Tingrenagar,Poor,Suvidha Society Tingrenagar,Vishrantwadi,Street,47000,Medium,2,18.578152,73.899256,
176,7,02/06/2012,6:00 PM,Evening,Saturday,62,Very Old,F,Motorcycle,0,Shastri Road,Lower middle,Shastri Road,Vishrambaug,Street,150000,Very High,3,18.511863,73.843574,
177,4,02/06/2012,6:00 PM,Evening,Saturday,64,Very Old,F,Motorcycle,0,Sahakarnagar,Lower middle,Sahakarnagar,Sahakarnagar,Street,60000,Medium,2,18.48663,73.844485,
178,11,10/07/2012,12:30 PM,Afternoon,Tuesday,26,Young,F,0,Knife,Wadgaon Dhayari,Lower Middle,Madhukar society,Haveli ,House,64000,Medium,1,18.46159,73.816913,watchman at the society
179,2,20/07/2012,8:30 PM,Night,Friday,34,Adult,F,Motorcycle,0,Karve road,Upper middle,Karishma society,Kothrud,Street,45000,Medium,2,18.502961,73.822607,
180,outlier ,13/09/2012,8:00 AM,Early Morning,Thursday,29,Young,F,Motorcycle,0,Bibvewadi,Lower Middle,Bibvewadi,Bibvewadi,Street,150000,Very High,2,18.470288,73.868373,
181,2,13/09/2012,9:00 AM,Morning,Thursday,0,0,F,Motorcycle,0,Bavdhan,Upper middle,Bavdhan,Hinjewadi,Street,16000,Low,2,18.50411,73.765369,
182,11,13/09/2012,1:00 PM,Afternoon,Thursday,26,Young,F,Motorcycle,0,Chinchwad,Lower Middle,Walhekarwadi Chinchwad,Chinchwad,Street,30000,Low,2,18.635103,73.760992,
183,2,18/09/2012,6:00 PM,Evening,Tuesday,49,Middle Age,F,Motorcycle,0,Kothrud,Upper middle,Warje-Malwadi Kothrud,Warje-Malwadi,Street,50000,Medium,2,18.480321,73.801028,
184,3,18/09/2012,8:00 PM,Night,Tuesday,30,Young,F,Motorcycle,0,Bhosari,Poor,Indrayani Nagar Bhosari,Bhosari,Street,35000,Low,2,18.635429,73.84079,
185,outlier ,26/10/2012,6:00 AM,Early Morning,Friday,46,Middle Age,F,Motorcycle,0,Bibvewadi,Lower Middle,Pune Satara Road Bibvewadi,Dattawadi,Street,45000,Medium,2,18.47444,73.856571,
186,9,04/11/2012,8:00 PM,Night,Sunday,64,Very Old,F,Motorcycle,0,Sadashiv Peth,Lower middle,Bhikardas Maruti Temple Sadashiv Peth,Khadak,Street,70000,Medium,2,18.507732,73.852734,Gang E
187,9,04/11/2012,8:15 PM,Night,Sunday,75,Very Old,F,Motorcycle,0,Kasba Peth,Lower middle,Kasba Peth,Faraskhana,Street,32500,Low,2,18.5258,73.860991,Gang E
188,6,04/11/2012,8:45 PM,Night,Sunday,55,Old,F,Motorcycle,0,Chinchwad,Lower Middle,Sambhaji Nagar Chinchwad,Nigdi,Street,73500,High,2,18.646042,73.777932,
189,2,04/11/2012,11:00 PM,Night,Sunday,42,Middle Age,F,Motorcycle,0,Bhavani Peth,Lower Middle,Bhavani Peth,Samarth,Street,55000,Medium,2,18.51228,73.868731,
190,1,07/11/2012,9:00 AM,Morning,Wednesday,63,Very Old,F,Motorcycle,0,Kothrud,Upper middle,Kothrud,Kothrud,Street,75000,High,2,18.508668,73.812576,Gang F
191,1,07/11/2012,9:15 AM,Morning,Wednesday,61,Very Old,F,Motorcycle,0,Karvenagar,Upper middle,Pratidnya Mangal Karyalay Karvenagar,Karvenagar,Street,15000,Low,2,18.492033,73.824836,Gang F
192,2,07/11/2012,12:00 PM,Afternoon,Wednesday,25,Young,F,Motorcycle,0,Karve Road,Upper middle,Dandekar Bridge Karve Road,Kothrud,Street,150000,Very High,2,18.500895,73.847069,
193,4,07/11/2012,12:00 PM,Afternoon,Wednesday,40,Adult,F,Motorcycle,0,Karvenagar,Upper middle,Alankar Society Karvenagar,Karvenagar,Street,30000,Low,1,18.496846,73.825602,
194,2,07/11/2012,1:00 PM,Afternoon,Wednesday,44,Middle Age,F,Motorcycle,0,Paud Road,Lower middle,Bhusari Colony Paud Road,Kothrud,Street,87000,High,2,18.50846,73.790632,
195,3,07/11/2012,8:30 PM,Night,Wednesday,63,Very Old,F,Motorcycle,0,Kothrud,Upper middle,Sant Tukaram Nagar Kothrud ,Kothrud,Street,50000,Medium,2,18.509365,73.81223,
196,10,04/12/2012,1:30 PM,Afternoon,Tuesday,65,Very Old,F,Motorcycle,0,Dhanori,Poor,Dhanori,Vishrantwadi,Street,10000,Low,2,18.593701,73.897634,
197,11,04/12/2012,2:30 PM,Afternoon,Tuesday,37,Adult,F,Motorcycle,0,Paud Road,Lower middle,Bhusari Colony Paud Road,Kothrud,Street,56000,Medium,2,18.508444,73.790615,
198,6,09/12/2012,9:00 AM,Morning,Sunday,50,Middle Age,F,Motorcycle,0,Pimple Saudagar,Lower middle,Pimple Saudagar,Sangvi,Street,30000,Low,2,18.596548,73.797899,
199,2,09/12/2012,6:30 PM,Evening,Sunday,36,Adult,F,Motorcycle,0,Bhosari,Poor,Indrayaninagar Bhosari,Bhosari,Street,77500,High,2,18.63551,73.841144,
200,10,05/01/2013,5:30 PM,Evening,Friday,71,Very Old,F,Motorcycle,0,Karvenagar,Upper middle,Karvenagar,Karvenagar,Street,77000,High,2,18.489337,73.82132,
201,1,06/01/2013,11:00 AM,Morning,Saturday,70,Very Old,F,Motorcycle,0,Gultekdi,Lower Middle,Gultekdi,Swargate,Street,45000,Medium,2,18.487709,73.86833,
202,8,06/01/2013,11:30 AM,Morning,Saturday,78,Very Old,F,Motorcycle,0,Bibvewadi-Kondhwa Road,Lower Middle,Parvatigaon Marketyard,Market Yard,Street,80000,High,2,18.497497,73.851132,
203,2,06/01/2013,1:00 PM,Afternoon,Saturday,57,Old,F,Motorcycle,0,Bibvewadi,Lower Middle,Bibvewadi-Kondhwa Road Bibvewadi,Market Yard,Street,4500,Low,2,18.493859,73.884156,
204,8,06/01/2013,5:30 PM,Evening,Saturday,23,Young,F,0,0,Yerawada,Lower Middle,Dhanori Yerawada,Vishrantwadi,Street,4500,Low,1,18.593863,73.897634,
205,2,07/01/2013,1:00 PM,Afternoon,Monday,50,Middle Age,F,Motorcycle,0,Yerawada,Lower Middle,Vadgaon Sheri Bus Stop Yerawada,Vishrantwadi,Street,30000,Low,1,18.542727,73.923476,
206,5,07/01/2013,7:30 PM,Evening,Monday,40,Adult,F,Motorcycle,0,Pimpri,Lower middle,Pimpri Market Pimpri,Pimpri,Street,25000,Low,2,18.621846,73.763183,
207,4,24/01/2013,9:45 AM,Morning,Thursday,60,Old,F,Motorcycle,0,Kothrud,Upper middle,Paramhansnagar Kothrud,Kothrud,Street,80000,High,2,18.511466,73.802986,
208,2,24/01/2013,10:00 AM,Morning,Thursday,75,Very Old,F,Motorcycle,0,Market Yard,Lower middle,Mukundnagar Market Yard,Market Yard,Street,19000,Low,2,18.494294,73.861953,
209,6,27/01/2013,10:30 AM,Morning,Sunday,62,Very Old,F,Motorcycle,0,Mundhwa,Poor,BT Kawade Road Mundhwa,Mundhwa,Street,91000,High,2,18.51757,73.906755,
210,4,27/01/2013,1:30 PM,Afternoon,Sunday,43,Middle Age,F,Motorcycle,0,Wanowrie,Lower middle,Shivarkar Road Wanowrie,Wanowrie,Street,39600,Low,2,18.504761,73.901013,
211,1,27/01/2013,1:30 PM,Afternoon,Sunday,74,Very Old,F,Motorcycle,0,Bibvewadi,Lower Middle,Bibvewadi,Market Yard,Street,37500,Low,2,18.470349,73.868376,
212,11,27/01/2013,4:30 PM,Afternoon,Sunday,60,Old,F,Motorcycle,0,Mundhwa,Poor,BT Kawade Road Mundhwa,Mundhwa,Street,10000,Low,2,18.517519,73.906721,
213,11,05/02/2013,9:30 AM,Morning,Tuesday,60,Old,F,Motorcycle,0,Nigdi Pradhikaran,Lower middle,Ladki bungalow,Nigdi,Street,70000,Medium,2,18.651729,73.768381,
214,5,05/02/2013,12:45 PM,Afternoon,Tuesday,32,Adult,F,Motorcycle,0,Thergaon ,Lower middle,Morya Mangal Karyalay,Hinjewadi,Street,80000,High,2,18.61768,73.774258,
215,1,06/02/2013,9:45 AM,Morning,Wednesday,68,Very Old,F,Motorcycle,0,Vishrantwadi,Poor,Santosh Nagar,Vishrantwadi,House,17000,Low,2,18.575691,73.885875,
216,3,06/02/2013,10:30 AM,Morning,Wednesday,66,Very Old,F,Motorcycle,0,Wadgaon Sheri,Lower Middle,Sopan Nagar,Yerawada,Street,46000,Medium,2,18.553308,73.919084,
217,2,03/03/2013,11:45 AM,Morning,Sunday,62,Very Old,F,Motorcycle,Knife,Pashan,Lower middle,Sus Road Pashan,Chatushrungi,Street,75000,High,2,18.55298,73.751514,
218,11,04/03/2013,11:30 AM,Morning,Monday,57,Old,F,Motorcycle,0,Market Yard,Lower middle,Lullanagar Market Yard,Kondhwa,Street,30000,Low,1,18.483435,73.881229,
219,9,04/03/2013,8:30 PM,Night,Monday,57,Old,F,Motorcycle,0,Sinhagad Road,Lower middle,Manikbaug Sinhagad Road,Dattawadi,Street,50000,Medium,2,18.458931,73.809325,
220,8,16/03/2013,6:00 PM,Evening,Saturday,0,0,F,0,0,Sus road,Lower middle,Lenyadri Society,Sus road,House,33000,Low,2,18.544649,73.78018,
221,outlier ,22/04/2013,6:30 PM,Evening,Monday,20,Young,F,0,0,Gokul Nagar,Lower Middle,near Kedareshwar temple,Kondhwa,Temple,20000,Low,1,18.525525,73.825547,
222,6,23/04/2013,8:00 AM,Early Morning,Tuesday,72,Very Old,F,Motorcycle,0,Sahakarnagar,Lower middle,Aranyeshwar Area Sahakarnagar,Sahakarnagar,Street,60000,Medium,2,18.485796,73.85327,
223,10,23/04/2013,8:30 AM,Morning,Tuesday,24,Young,F,0,0,Kothrud,Upper middle,Anupam Complex,Kothrud,Market,1000,Low,1,18.498212,73.814164,
224,11,23/04/2013,9:55 AM,Morning,Tuesday,53,Old,F,Motorcycle,0,Chinchwad,Lower Middle,Shridhar Nagar Chinchwad,Chinchwad,Street,25000,Low,2,18.632495,73.785032,
225,2,23/04/2013,10:00 AM,Morning,Tuesday,53,Old,F,Motorcycle,0,Chinchwad,Lower Middle,Shridhar Nagar,Chinchwad,House,25000,Low,2,18.632597,73.784887,
226,10,23/04/2013,2:30 PM,Afternoon,Tuesday,72,Very Old,F,Motorcycle,0,Sahakarnagar,Lower middle,Sahakarnagar,Sahkarnagar,Street,70000,Medium,2,18.478342,73.851538,
227,2,23/04/2013,9:15 PM,Night,Tuesday,70,Very Old,F,0,0,Kothrud,Upper middle,Gananjay society,Kothrud,Street,40000,Low,2,18.499656,73.804553,
228,1,24/04/2013,10:00 AM,Morning,Wednesday,67,Very Old,F,Motorcycle,0,Sadashiv Peth,Lower middle,Sadashiv Peth,Vishrambaug,Street,45000,Medium,2,18.508587,73.845113,
229,3,24/04/2013,10:45 AM,Morning,Wednesday,67,Very Old,F,Motorcycle,0,Perugate Chowk,Lower middle,Perugate Chowk,Vishrambaug,Street,30000,Low,2,18.511354,73.848519,
230,5,24/04/2013,11:30 AM,Morning,Wednesday,44,Middle Age,F,Motorcycle,0,Karvenagar,Upper middle,Karvenagar Street Karvenagar,Kothrud,Street,90000,High,2,18.489316,73.814711,
231,1,24/04/2013,6:15 PM,Evening,Wednesday,64,Very Old,F,Motorcycle,0,Shantinagar,Lower middle,Shantinagar Housing Society,Dattawadi,Street,30000,Low,2,18.456163,73.819145,
232,6,24/04/2013,6:15 PM,Evening,Wednesday,64,Very Old,F,Motorcycle,0,Sinhagad Road,Upper middle,Anand Nagar Sinhagad Road,Dattawadi,Street,80000,High,2,18.458096,73.807887,
233,5,24/04/2013,9:30 PM,Night,Wednesday,35,Adult,F,Motorcycle,0,Navi Peth,Lower middle,Navle Path Navi Peth,Vishrambaug,Street,30000,Low,2,18.506824,73.840439,
234,5,24/04/2013,9:30 PM,Night,Wednesday,46,Middle Age,F,Motorcycle,0,Narayan Peth,Lower middle,Baba Bhide Bridge Narayan Peth,Deccan Gymkhana,Street,40000,Low,2,18.515546,73.844322,
235,5,24/04/2013,9:30 PM,Night,Wednesday,46,Middle Age,F,Motorcycle,0,Narayan Peth,Lower middle,Narayan Peth,Deccan Gymkhana,Street,30000,Low,2,18.515586,73.850008,
236,4,24/04/2013,9:45 PM,Night,Wednesday,0,0,F,Motorcycle,0,Navi Peth,Lower middle,Navi Peth Street Navi Peth,Vishrambaug,Street,125000,Very High,2,18.506817,73.840481,
237,3,24/04/2013,10:00 PM,Night,Wednesday,0,0,F,Motorcycle,0,Paud Road,Lower middle,Paud Road Street Paud Road,Kothrud,Street,40000,Low,2,18.506633,73.769047,
238,2,24/04/2013,10:10 PM,Night,Wednesday,28,Young,F,Motorcycle,0,Kothrud,Upper middle,New India School Kothrud,Kothrud,Street,30000,Low,2,18.511476,73.795012,
239,6,01/05/2013,8:30 AM,Morning,Wednesday,54,Old,F,Motorcycle,0,Wanowrie,Lower middle,Wanowrie Streets Wanowrie,Wanowrie,Street,160000,Very High,2,18.491087,73.909565,
240,4,01/05/2013,8:40 AM,Morning,Wednesday,50,Middle Age,F,Motorcycle,0,Market Yard,Lower middle,Mukundnagar Market Yard,Swargate,Street,20000,Low,2,18.492226,73.865372,
241,6,01/05/2013,8:45 AM,Morning,Wednesday,52,Old,F,Motorcycle,0,Narayan Peth,Lower middle,Narayan Peth Street Narayan Peth,Visharmbaug,Street,125000,Very High,2,18.515525,73.849966,
242,4,01/05/2013,9:00 AM,Morning,Wednesday,50,Middle Age,F,Motorcycle,0,Swargate ,Lower middle,Swargate-Khadakmal Ganpati Road,Swargate,Street,140000,Very High,2,18.519249,73.86047,
243,6,01/05/2013,9:20 AM,Morning,Wednesday,0,0,F,Motorcycle,0,Yerawada,Lower Middle,Yerawada,Yerawada,Street,40000,Low,2,18.558147,73.886133,
244,1,01/05/2013,9:35 AM,Morning,Wednesday,61,Very Old,F,Motorcycle,0,Dhankawadi,Poor,Dhankawadi,Sahakarnagar,Street,60000,Medium,2,18.462757,73.850771,
245,1,01/05/2013,10:00 AM,Morning,Wednesday,70,Very Old,F,Motorcycle,0,Market Yard,Lower middle,Salisbury Park Market Yard,Market Yard,Street,50000,Medium,2,18.487587,73.871872,
246,1,08/05/2013,9:50 AM,Morning,Wednesday,66,Very Old,F,Motorcycle,0,Sadashiv Peth,Lower middle,Sadashiv Peth,Vishrambag,Temple,40000,Low,2,18.50865,73.844843,
247,3,08/05/2013,10:00 AM,Morning,Wednesday,72,Very Old,F,Motorcycle,0,Shukrawar Peth,Lower Middle,Shukrawar Peth,Khadak,Street,44000,Medium,2,18.505242,73.855134,
248,2,19/05/2013,9:30 AM,Morning,Sunday,63,Very Old,F,Motorcycle,0,Paud Road,Lower middle,Ved Bhavan paud Road,Kothrud,Street,70000,Medium,2,18.506552,73.787943,
249,10,24/05/2013,9:00 PM,Night,Friday,45,Middle Age,F,Motorcycle,0,Nigdi,Lower middle,Kudalwadi Nigdi,Nigdi,Street,60000,Medium,2,18.6743,73.813956,
250,1,25/05/2013,7:15 AM,Early Morning,Saturday,40,Adult,F,Motorcycle,0,Chinchwad,Lower Middle,Chinchwad,Chinchwad,Street,90000,High,2,18.621195,73.76284,
251,4,25/05/2013,7:30 AM,Early Morning,Saturday,62,Very Old,F,Motorcycle,0,Chinchwad,Lower Middle,Thergaon Chinchwad,Chinchwad,Street,60000,Medium,2,18.617453,73.774296,
252,6,25/05/2013,4:45 PM,Afternoon,Saturday,36,Adult,F,Motorcycle,0,Katraj,Lower middle,Ambegaon Pathar Katraj,Bharati Vidyapeeth,Street,50000,Medium,1,18.451107,73.850692,
253,4,26/05/2013,7:45 AM,Early Morning,Sunday,63,Very Old,F,Motorcycle,0,Bhosari,Poor,Dapodi Street Bhosari,Bhosari,Street,35000,Low,2,18.579911,73.830096,
254,4,26/05/2013,8:00 AM,Early Morning,Sunday,64,Very Old,F,Motorcycle,0,Aundh,Lower Middle,Pimpale Gurav Aundh,Sangvi,Street,20000,Low,2,18.577918,73.802521,
255,4,26/05/2013,9:20 AM,Morning,Sunday,63,Very Old,F,0,0,Pradhikaran,Lower middle,Pradhikaran,Nigdi,Street,60000,Medium,4,18.651727,73.768376, posing as policemen
256,11,26/05/2013,2:30 PM,Afternoon,Sunday,60,Old,F,0,0,Wanowrie,Lower middle,Wanowrie,Wanowrie,Street,123000,Very High,3,18.497713,73.894946, posing as policemen
257,4,10/06/2013,6:30 PM,Evening,Saturday,78,Very Old,F,Motorcycle,0,Sinhagad Road,Upper middle,Ganeshmala Sinhagad Road,Dattawadi,Street,50000,Medium,2,18.496215,73.836984,
258,9,10/06/2013,8:45 PM,Night,Saturday,42,Middle Age,F,Motorcycle,0,Bibvewadi,Lower Middle,Bibvewadi Street Bibvewadi,Sahakarnagar,Street,41000,Medium,2,18.470288,73.868373,
259,outlier ,11/06/2013,8:30 PM,Night,Monday,56,Old,F,Motorcycle,0,Aundh,Lower Middle,Kalewadi Aundh,Sangvi,Street,50000,Medium,1,18.603666,73.777203,
260,11,12/06/2013,6:00 AM,Early Morning,Wednesday,62,Very Old,F,Motorcycle,0,Sahakarnagar,Lower middle,Aranyeshwar Area Sahakarnagar,Sahakarnagar,Street,40000,Low,2,18.475539,73.853161,
261,outlier ,14/06/2013,5:00 AM,Early Morning,Friday,40,Adult,F,Motorcycle,0,Hadapsar,Lower Middle,Sane Guruji Hospital Hadapsar,Hadapsar,Street,60000,Medium,3,18.503459,73.938114,
262,outlier ,15/06/2013,7:30 AM,Early Morning,Friday,30,Young,F,Motorcycle,0,Yerawada,Lower Middle,Dehu Phata Yerawda,Vishrantwadi,Street,38000,Low,1,18.669848,73.891186,
263,6,15/06/2013,1:30 PM,Afternoon,Friday,45,Middle Age,F,Motorcycle,0,Yerawada,Lower Middle,Vishranwadi Chowk Yerawda,Vishrantwadi,Street,24000,Low,1,18.572467,73.878376,
264,6,21/06/2013,7:30 AM,Early Morning,Thursday,68,Very Old,M,Motorcycle,0,Hadapsar,Lower Middle,Handewadi Hadapsar,Wanowrie,Street,68000,Medium,2,18.475946,73.932138,
265,2,21/06/2013,10:30 AM,Morning,Thursday,72,Very Old,F,Motorcycle,0,Nigdi,Lower middle,Pradhikaran Nigdi,Nigdi,Street,30000,Low,2,18.651613,73.768703,
266,4,24/06/2013,8:00 AM,Early Morning,Sunday,70,Very Old,F,Motorcycle,0,Bibvewadi,Lower Middle,Bibvewadi Home Compound Bibvewadi,Bibvewadi,Street,45000,Medium,2,18.470369,73.868416,
267,4,24/06/2013,9:00 AM,Morning,Sunday,72,Very Old,F,Motorcycle,0,Karvenagar,Upper middle,Girijashankar Vihar Karvenagar,Karvenagar,Street,75000,High,2,18.496357,73.823079,
268,5,24/06/2013,7:00 PM,Evening,Sunday,58,Old,F,Motorcycle,0,Paud Road,Lower middle,Bhusari Colony Paud Road,Kothrud,Street,55000,Medium,2,18.508363,73.790614,
269,outlier ,24/06/2013,8:00 PM,Night,Sunday,40,Adult,F,Motorcycle,0,Swargate,Lower middle,Mitra Mandal Chowk Swargate,Yerawada,Street,120000,Very High,2,18.497822,73.854193,
270,outlier ,25/06/2013,6:00 AM,Early Morning,Tuesday,60,Old,F,0,0,Karve Road,Upper middle,Mhatre Bridge Karve Road,Kothrud,Street,18000,Low,3,18.504599,73.836662,
271,2,25/06/2013,12:45 PM,Afternoon,Monday,32,Adult,F,0,0,Yerawada,Lower Middle,Vadgaon Sheri Yerawda,Yerawada,Street,70000,Medium,2,18.552532,73.918234,
272,outlier ,25/06/2013,8:00 PM,Night,Monday,0,0,F,Motorcycle,0,Bibvewadi,Lower Middle,Aranyeshwar Area Bibvewadi,Dattawadi,Street,20000,Low,2,18.480301,73.853163,
273,11,26/06/2013,7:00 AM,Early Morning,Wednesday,65,Very Old,F,Motorcycle,0,Camp,Upper middle,Poona Club Camp,Bund Garden,Street,85000,High,2,18.522362,73.878483,
274,2,28/06/2013,7:00 PM,Evening,Thursday,66,Very Old,F,Motorcycle,0,Shivajinagar,Upper Middle,Shivajinagar,Shivajinagar,Street,50000,Medium,2,18.530724,73.847423,
275,outlier ,28/06/2013,11:00 PM,Night,Friday,23,Young,F,Motorcycle,0,Mundhwa,Poor,ABC Farms Mundhwa,Mundhwa,Street,41000,Medium,2,18.538923,73.90449,
276,1,06/07/2013,7:45 AM,Early Morning,Saturday,33,Adult,F,Motorcycle,0,Aundh,Lower Middle,Kalewadi Aundh,Sangvi,Street,28500,Low,2,18.619162,73.791923,
277,7,06/07/2013,8:30 AM,Morning,Saturday,0,0,F,Motorcycle,0,Sinhagad Road,Lower Middle,Mangalmurti Complex Sinhagad Road,Dattawadi,Street,110000,Very High,2,18.445416,73.788715,
278,8,06/07/2013,8:45 AM,Morning,Saturday,68,Very Old,F,Motorcycle,0,Narayan Peth,Lower middle,Narayan Peth Street Narayan Peth,Visharmbaug,Street,20000,Low,2,18.515546,73.849966,
279,outlier ,20/07/2013,8:00 PM,Night,Friday,34,Adult,F,Motorcycle,0,Karve Road,Upper middle,Karishma Chowk Karve Road,Kothrud,Street,45000,Medium,2,18.510499,73.834813,
280,11,07/08/2013,12:00 PM,Afternoon,Tuesday,27,Young,M,0,Fake Revolver,Pimpri,Lower middle,Vallabhnagar Pimpri,Pimpri,Street,56500,Medium,3,18.617982,73.819109,
281,4,21/08/2013,5:30 PM,Evening,Tuesday,0,0,F,Motorcycle,0,Pimpri,Lower middle,Rakshak Chowk Pimpri,Sangvi,Street,125000,Very High,2,18.581782,73.797633,
282,4,01/11/2013,8:00 AM,Early Morning,Friday,80,Very Old,M,Motorcycle,0,Swargate,Lower middle,Adarshnagar,Swargate,Street,20000,Low,2,18.500732,73.867067,
283,6,03/11/2013,7:00 PM,Evening,Saturday,67,Very Old,F,Motorcycle,0,Nigdi,Lower middle,Pradhikaran,Nigdi,Street,38000,Low,2,18.654052,73.768188,
284,4,03/11/2013,8:00 PM,Evening,Saturday,35,Adult,F,0,0,Camp,Upper middle,Camp,Cantonment,Inside Car,8000,Low,1,18.515423,73.879082,
285,4,06/11/2013,1:00 PM,Afternoon,Wednesday,0,0,F,Motorcycle,0,Hadapsar,Lower Middle,Kalepadal,Hadapsar,Street,25000,Low,2,18.484351,73.943306,
286,outlier ,07/11/2013,10:00 PM,Night,Thursday,0,0,F,Motorcycle,0,Phursungi,Lower middle,Bhosale villa,Phursungi,Street,22000,Low,2,18.478673,73.956224,
287,7,09/11/2013,6:00 PM,Evening,Saturday,50,Middle Aged,F,Motorcycle,0,Sinhagad Road,Upper middle,Anand Nagar,Dattawadi,Street,40000,Medium,2,18.477411,73.823422,
288,3,09/11/2013,9:00 PM,Night,Saturday,60,Old,F,Motorcycle,0,Erandwane,Upper middle,Law college road,Deccan Gymkhana,Street,50000,Medium,2,18.510052,73.82986,
289,3,09/11/2013,10:15 PM,Night,Saturday,60,Old,F,Motorcycle,0,Warje,Lower middle,Warje,Warje-Malwadi,Street,20000,Low,2,18.475661,73.803357,
290,7,18/11/2013,8:30 AM,Morning,Monday,65,Very Old,F,Motorcycle,0,Bibvewadi,Upper middle,Prakalpa Society,Bibvewadi,Street,25000,Low,2,18.466909,73.86623,
291,7,18/11/2013,9:30 AM,Morning,Monday,69,Very Old,F,Motorcycle,0,Hingne Khurd,Lower middle,Sinhagad road,Dattawadi,Street,46000,Medium,2,18.481929,73.827904,
292,11,18/11/2013,10:00 AM,Morning,Monday,53,Old,F,Motorcycle,0,Kothrud,Upper middle,Sahajanand society,Kothrud,Bus Stop,75000,Medium,2,18.49652,73.801579,
293,2,19/11/2013,6:00 PM,Evening,Thursday,68,Very Old,F,Motorcycle,0,Erandwane,Upper middle,Erandwane,Kothrud,Street,87500,High,2,18.505982,73.831552,
294,2,19/11/2013,6:15 PM,Evening,Thursday,71,Very Old,F,Motorcycle,0,Erandwane,Upper middle,Erandwane,Kothrud,Street,39500,Low,2,18.505982,73.831552,
295,2,19/11/2013,6:50 PM,Evening,Thursday,63,Very Old,F,Motorcycle,0,Sinhagad Road,Upper middle,Adwait residency,Dattawadi,Street,25000,Low,2,18.499593,73.839859,
296,1,20/11/2013,2:30 PM,Afternoon,Wednesday,64,Very Old,F,0,0,Tingrenagar,Lower middle,Vidyanagar,Vishrantwadi,Street,50000,Medium,2,18.577877,73.898972,
297,6,20/11/2013,7:30 PM,Evening,Wednesday,70,Very Old,F,Motorcycle,0,Chatuhshrungi,Upper middle,Chatuhshrungi,Chatuhshrungi,Street,140000,Very High,2,18.539268,73.829795,
298,4,20/11/2013,9:15 PM,Night,Wednesday,0,0,F,Motorcycle,0,Kasarwadi,Poor,Kasarwadi,Bhosari,Street,48000,Medium,2,18.606147,73.82279,
299,outlier ,21/11/2013,6:30 AM,Early Morning,Thursday,32,Adult,F,Motorcycle,0,Hadapsar,Lower Middle,Bhekrainagar,Hadapsar,Street,38000,Low,2,18.484493,73.953456,
300,2,21/11/2013,10:30 AM,Morning,Thursday,0,0,F,0,0,Erandwane,Upper middle,Prabhat road,Erandwane,Street,30000,Low,2,18.514203,73.83943,
301,4,23/11/2013,11:15 AM,Morning,Saturday,54,Old,F,Motorcycle,0,Kharadi,Lower middle,Wadgaon,Yerwada,Market,32000,Low,2,18.552248,73.944076,
302,7,23/11/2013,7:00 PM,Evening,Saturday,46,Middle Aged,F,Motorcycle,0,Chinchwad,Lower Middle,Chinchwadgaon,Pimpri,Street,60000,Medium,2,18.632806,73.784842,
303,outlier ,24/11/2013,9:00 AM,Morning,Sunday,46,Middle Aged,F,Motorcycle,0,Warje,Lower middle,Warje,Warje-Malwadi,Street,30000,Low,2,18.475661,73.803356,
304,5,26/11/2013,12:00 PM,Afternoon,Tuesday,35,Adult,F,Motorcycle,0,Chinchwad,Lower Middle,Bijlinagar,Chinchwad,Street,39000,Low,2,18.643643,73.770572,
305,2,26/11/2013,12:40 PM,Afternoon,Tuesday,68,Very Old,F,Motorcycle,0,Nigdi,Lower middle,Pradhikaran,Nigdi ,Street,45000,Medium,2,18.654052,73.768188,
306,6,26/11/2013,6:30 PM,Evening,Tuesday,57,Old,F,Motorcycle,0,Kothrud,Upper middle,Dahanukar colony,Kothrud,Street,150000,Very High,2,18.495462,73.811149,
307,1,26/11/2013,7:00 PM,Evening,Tuesday,62,Very Old,F,Motorcycle,0,Kondhwa,Lower middle,Kondhwa,Kondhwa,Street,80000,High,2,18.465851,73.891884,
308,outlier ,27/11/2013,8:00 AM,Early Morning,Wednesday,47,Middle Aged,F,Motorcycle,0,Chinchwad,Lower Middle,Chinchwadgaon,Chinchwad,Street,100000,High,2,18.632806,73.784842,
309,3,27/11/2013,8:00 AM,Early Morning,Wednesday,57,Old,F,0,0,Narayan Peth,Lower middle,Narayan Peth,Vishrambag,Street,80000,High,2,18.515281,73.850073,
310,12,27/11/2013,9:00 AM,Morning,Wednesday,32,Adult,F,Motorcycle,0,Katraj,Lower middle,Vardhman society,Katraj,Street,30000,Low,2,18.439512,73.866871,
311,7,27/11/2013,10:00 AM,Morning,Wednesday,39,Adult,F,Motorcycle,0,Pashan,Upper middle,Pashan,Chatuhshrungi,Street,45000,Medium,2,18.532677,73.792921,
312,6,27/11/2013,12:00 PM,Afternoon,Wednesday,57,Old,F,Motorcycle,0,Dhankavdi,Poor,Dhankavdi,Sahakar Nagar,Street,62000,Medium,2,18.462757,73.850256,
313,6,30/11/2013,8:00 PM,Night,Saturday,32,Adult,F,Motorcycle,0,Wakad,Lower middle,Wakad,Hinjewadi,Temple,135000,Very High,2,18.596741,73.765424,
314,9,30/11/2013,10:00 PM,Night,Saturday,45,Middle Age,F,Motorcycle,0,Karvenagar Kothrud,Upper middle,DP Road,Kothrud,Street,80000,High,2,18.502164,73.80535,
315,4,01/12/2013,8:30 AM,Early Morning,Sunday,65,Very Old,F,Motorcycle,0,Nigdi Pradhikaran,Lower middle,Lal Bahadur Shastri Road,Nigdi,Street,40000,Low,2,18.51054,73.848909,
316,1,01/12/2013,4:00 PM,Afternoon,Sunday,71,Very Old,F,Motorcycle,0,Navi Peth ,Lower middle, Anandbaug society ,Vishrambaug,Street,30000,Low,2,18.497563,73.83712,
317,1,01/12/2013,4:45 PM,Afternoon,Sunday,80,Very Old,F,Motorcycle,0,Karvenagar,Upper middle,Karvenagar,Kothrud,Street,50000,Medium,2,18.497563,73.83712,
318,6,03/12/2013,7:00 PM,Evening,Tuesday,58,Old,F,Motorcycle,0,Wakad,Lower middle,Kaspte Vasti Wakad,Wakad,Street,60000,Medium,2,18.590205,73.772788,
319,6,03/12/2013,8:00 PM,Night,Tuesday,40,Adult,F,0,0,Kothrud,Upper middle,Gandhi Bhavan,Kothrud,Street,80000,High,2,18.495485,73.811152,
320,12,04/12/2013,9:10 AM,Morning,Wednesday,38,Adult,F,Motorcycle,0,Kothrud,Upper middle,Surajnagar,Kothrud,Street,92000,High,2,18.50571,73.797883,
321,7,04/12/2013,9:15 AM,Morning,Wednesday,34,Adult,F,Motorcycle,0,Kothrud,Upper middle,Tejas Society near Mantri Park,Kothrud,Street,95000,High,2,18.49984,73.810567,
322,1,04/12/2013,10:30 AM,Morning,Wednesday,63,Very Old,F,Motorcycle,0,Pimpri,Lower middle,River road,Pimpri,Market,70000,Medium,2,18.622001,73.799996,
323,3,04/12/2013,11:00 AM,Morning,Wednesday,72,Very Old,F,Motorcycle,0,Prabhat road,Rich,Prabhat road,Deccan Gymkhana,Street,75000,High,2,18.514187,73.839371,
324,3,04/12/2013,12:10 PM,Afternoon,Wednesday,52,Old,F,Motorcycle,0,Kothrud,Upper middle,Paramhansnagar,Kothrud,Bus Stop,60000,Medium,2,18.51215,73.803092,
325,11,04/12/2013,1:30 PM,Afternoon,Wednesday,60,Old,F,Motorcycle,0,Katraj,Lower middle,Katraj,Katraj,Near House,60000,Medium,2,18.441599,73.868368,asking an address 
326,11,04/12/2013,3:00 PM,Afternoon,Wednesday,56,Old,F,0,0,Dahanukar Colony ,Upper middle,Gandhi Bhavan,Dahanukar Colony ,Street,90000,High,2,18.49549,73.811149,asking an address 
327,2,04/12/2013,5:30 PM,Evening,Wednesday,25,Young,F,0,0,Vadgaonsheri,Poor,Ganeshkrupa society,Yerawada,Near House,65000,Medium,2,18.494099,73.825727,
328,2,04/12/2013,7:30 PM,Evening,Wednesday,54,Old,F,Motorcycle,0,Chinchwad ,Lower Middle,Chinchwad ,Chinchwad,Street,62000,Medium,2,18.621609,73.762207,
329,2,04/12/2013,7:30 PM,Evening,Wednesday,55,Old,F,Motorcycle,0,Kothrud,Upper middle,Dahanukar colony,Kothrud,Street,120000,Very High,2,18.495632,73.811031,
330,5,04/12/2013,8:00 PM,Night,Wednesday,49,Middle Age,F,Motorcycle,0,Pimple Gurav,Lower middle,Pimple Gurav,Sangvi,Street,20000,Low,2,18.58673,73.815437,
331,5,04/12/2013,8:30 PM,Night,Wednesday,55,Old,F,Motorcycle,0,Deep BungaLow Chowk,Rich,Deep BungaLow Chowk,Chatushrungi ,Street,30000,Low,2,18.531983,73.839701,
332,6,05/12/2013,6:30 AM,Early Morning,Thursday,74,Very Old,F,Motorcycle,0,Baner,Lower middle,Baner,Chatushrungi ,Near House,70000,Medium,2,18.559675,73.779939,
333,11,05/12/2013,8:45 AM,Morning,Thursday,49,Middle Age,F,Motorcycle,0,Chinchwad ,Lower Middle,Chinchwad ,Chinchwad,Autorickshaw,24000,Low,2,18.621609,73.762212,
334,11,05/12/2013,9:30 AM,Morning,Thursday,32,Adult,F,Motorcycle,0,Chinchwad ,Lower Middle,Chinchwad ,Chinchwad,Autorickshaw,15000,Low,2,18.621609,73.762212,
335,2,07/12/2013,5:00 PM,Evening,Saturday,45,Middle Age,F,Motorcycle,0,Chandannagar,Poor,Samata society,Yerawada,Street,24000,Low,2,18.566385,73.92863,
336,3,07/12/2013,6:30 PM,Evening,Saturday,52,Old,F,Motorcycle,0,Bhosari,Poor,Bhosari,Bhosari,Street,175000,Very High,2,18.638544,73.847788,
337,7,08/12/2013,3:30 PM,Afternoon,Sunday,33,Adult,F,Motorcycle,0,Bavdhan,Upper middle,Bavdhan,Hinjewadi,Street,90000,High,2,18.504609,73.765436,
338,5,11/12/2013,11:30 PM,Night,Wednesday,37,Adult,M,Motorcycle,Stone,Baner,Lower middle,Baner road, Chatushrungi ,Street,30000,Low,2,18.564074,73.781366,
339,2,16/12/2013,2:30 PM,Afternoon,Monday,72,Very Old,F,0,0,Chinchwad ,Lower Middle,Chinchwad ,Chinchwad,Street,25000,Low,2,18.621612,73.762212,
340,outlier ,18/12/2013,6:30 AM,Early Morning,Wednesday,36,Adult,F,Motorcycle,Assault,Sakalangar,Upper middle,Baner road,Chatushrungi ,Street,67500,Medium,2,18.562144,73.783994,
341,3,18/12/2013,10:15 AM,Morning,Wednesday,39,Adult,F,Motorcycle,0,Navi Peth ,Lower middle,Navi Peth ,Vishrambaug,Street,15000,Low,2,18.506829,73.840433,
342,3,18/12/2013,11:15 AM,Morning,Wednesday,52,Old,F,Motorcycle,0,Bhosari,Poor,Bhosari,Bhosari,Street,75000,High,2,18.638555,73.847791,
343,3,18/12/2013,3:30 PM,Afternoon,Wednesday,60,Old,F,0,0,Pune Station,Lower middle,Pune Station,Pune Station,Inside Bus,30000,Low,1,18.529195,73.873736,
344,5,18/12/2013,5:00 PM,Evening,Wednesday,50,Middle Age,F,0,0,Pimpri,Lower middle,Pimpri,Pimpri,Street,60000,Medium,2,18.621609,73.762209,
345,6,18/12/2013,5:00 PM,Evening,Wednesday,60,Old,F,0,0,Chinchwad ,Lower Middle,Chinchwad ,Chinchwad,Street,94000,High,2,18.621617,73.762217,
346,2,18/12/2013,6:40 PM,Evening,Wednesday,52,Old,F,Motorcycle,0,Bopodi,Poor,Bopodi,Bopodi,Street,90000,High,2,18.566807,73.834548,
347,2,19/12/2013,9:30 AM,Morning,Thursday,65,Very Old,F,Motorcycle,0,Koregaon park,Rich,Koregaon park,Chatushrungi ,Street,65000,Medium,2,18.535802,73.891883,
348,11,19/12/2013,2:00 PM,Afternoon,Thursday,80,Very Old,F,0,0,Kothrud,Upper middle,Patwardhanbaug area,Kothrud,Street,80000,High,2,18.500463,73.828972,
349,2,19/12/2013,2:30 PM,Afternoon,Thursday,58,Old,F,Motorcycle,0,Fatimanagar,Lower middle,Fatimanagar,Wanowrie,Street,80000,High,2,18.50424,73.90144,
350,11,19/12/2013,2:30 PM,Afternoon,Thursday,75,Very Old,F,0,0,Kothrud,Upper middle,Kothrud,Kothrud,Street,64000,Medium,2,18.508729,73.81249,
351,2,19/12/2013,3:00 PM,Afternoon,Thursday,45,Middle Age,F,Motorcycle,0,Katraj,Lower middle,Katraj,Bharati Vidyapeeth ,Near House,60000,Medium,2,18.441609,73.868363,
352,2,19/12/2013,3:30 PM,Afternoon,Thursday,59,Old,F,Motorcycle,0,Paud road,Lower middle,Bhusari colony,Kothrud,Street,64000,Medium,2,18.508289,73.79243,
353,1,19/12/2013,5:30 PM,Evening,Thursday,55,Old,F,Motorcycle,0,Wakad,Lower middle,Wakad,Chatushrungi ,Street,45000,Medium,2,18.596746,73.765431,
354,6,19/12/2013,7:30 PM,Evening,Thursday,45,Middle Age,F,Motorcycle,0,Dhankawadi,Poor,Dhankawadi,Sahakarnagar,Street,50000,Medium,2,18.463114,73.85073,
355,6,19/12/2013,7:45 PM,Evening,Thursday,50,Middle Age,F,Motorcycle,0,Sinhagad Road,Lower middle,Sinhagad road,Dattawadi,Street,100000,High,2,18.499544,73.840125,
356,1,19/12/2013,7:45 PM,Evening,Thursday,52,Old,F,Motorcycle,0,Sinhagad Road,Lower middle,Sinhagad road,Dattawadi,Street,20000,Low,2,18.499544,73.840125,
357,2,19/12/2013,7:45 PM,Evening,Thursday,65,Very Old,F,0,0,Bibvewadi,Lower Middle,Bibvewadi,Bibvewadi,Near House,100000,Very High,2,18.488716,73.880116,
358,2,20/12/2013,2:30 PM,Afternoon,Friday,48,Middle Age,F,Motorcycle,0,Kothrud,Upper middle,Eklavya college,Kothrud,Street,40000,Low,2,18.503632,73.795372,
359,4,20/12/2013,2:30 PM,Afternoon,Friday,52,Old,F,0,0,Thergaon,Lower middle,Thergaon,Hinjewadi,Street,50000,Medium,2,18.617685,73.774263,
360,2,21/12/2013,5:00 PM,Evening,Saturday,0,0,F,0,0,Katraj,Lower middle,Sukhsagarnagar,Bharati Vidyapeeth ,Street,20000,Low,2,18.457791,73.869857,
361,6,22/12/2013,11:15 AM,Morning,Sunday,50,Middle Age,F,Motorcycle,0,Bopodi,Poor,Bopodi,Khadki,Street,42000,Medium,2,18.56682,73.834557,
362,2,22/12/2013,3:30 PM,Afternoon,Sunday,68,Very Old,F,Motorcycle,0,Prabhat road,Rich,Prabhat road,Deccan Gymkhana,Street,62500,Medium,2,18.514192,73.839368,
363,4,24/12/2013,6:30 PM,Evening,Tuesday,0,0,F,Motorcycle,0,Katraj,Lower middle,Ambegaon Pathar ,Katraj,Near House,60000,Medium,2,18.402939,73.853667,
364,2,25/12/2013,7:00 PM,Evening,Wednesday,35,Adult,F,0,0,Hadapsar,Lower Middle,Hadapsar,Hadapsar,Street,20000,Low,2,18.49668,73.941665,
365,6,25/12/2013,7:00 PM,Evening,Wednesday,56,Old,F,Motorcycle,0,Chinchwad ,Lower Middle,Walhekarwadi,Chinchwad,Street,60000,Medium,1,18.635553,73.760777,
366,5,26/12/2013,2:30 PM,Afternoon,Thursday,40,Adult,F,Motorcycle,0,Kothrud,Upper middle,Wakad,Hinjewadi,Street,30000,Low,2,18.596741,73.765436,
367,6,26/12/2013,6:30 PM,Evening,Thursday,40,Adult,F,Motorcycle,0,Vadgaonsheri,Poor,Vadgaonsheri,Yerawada,Street,30000,Low,2,18.543907,73.923145,
368,4,29/12/2013,1:25 PM,Afternoon,Sunday,46,Middle Age,F,Motorcycle,0,Kharadi,Lower middle,Kharadi,Kharadi,Street,64000,Medium,2,18.55194,73.944798,
369,2,29/12/2013,1:25 PM,Afternoon,Sunday,77,Very Old,F,Motorcycle,0,Lohegaon,Poor,Lohegaon,Lohegaon,Street,25000,Low,2,18.599217,73.926242,
370,2,29/12/2013,8:15 PM,Night,Sunday,46,Middle Age,F,Motorcycle,0,Jehangir Hospital,Upper middle,Jehangir Hospital,Bund garden,Street,46500,Medium,2,18.530363,73.87674,
371,1,06/01/2014,10:00 AM,Morning,Monday,62,Very Old,F,Motorcycle,0,Vadgaonsheri,Poor,Vadgaonsheri,Vadgaonsheri,Street,45000,Medium,2,18.545005,73.922863,
372,11,06/01/2014,1:00 PM,Afternoon,Monday,35,Adult,F,Motorcycle,0,Sutarwadi,Poor,Sutarwadi,Chatushrungi,Parking Lot,30000,Low,2,18.538823,73.781387,
373,3,12/01/2014,12:45 PM,Afternoon,Sunday,52,Old,F,Motorcycle,0,Kothrud,Upper middle,Erandwana Kothrud,Kothrud,Street,100000,High,2,18.499756,73.813646,
374,3,12/01/2014,1:00 PM,Afternoon,Sunday,59,Old,F,Motorcycle,0,Senapati Bapat Road,Rich,Shivaji Housing Society Senapati Bapat Road,Senapati Bapat Road,Street,60000,Medium,2,18.530185,73.829916,
375,6,14/01/2014,2:45 PM,Afternoon,Tuesday,61,Very Old,F,Motorcycle,0,Sahakarnagar,Lower middle,Sri Ganesh Society Sahakarnagar,Sahakarnagar,Street,75000,High,2,18.479986,73.852747,
376,5,14/01/2014,4:30 PM,Afternoon,Tuesday,40,Adult,F,Motorcycle,0,Chandannagar,Poor,Shrikrishna Society Chandannagar,Yerawada,Street,80000,High,2,18.566355,73.928631,
377,outlier ,14/01/2014,10:00 PM,Night,Tuesday,0,0,F,Motorcycle,0,Bhosari,Poor,Sagar Hotel Bhosari,Bhosari,Street,50000,Medium,2,18.553112,73.802547,
378,3,14/01/2014,10:00 PM,Night,Tuesday,30,Young,M,Motorcycle,0,Chinchwad,Lower Middle,Shahunagar Chinchwad,Chinchwad,Street,45700,Medium,2,18.656675,73.808123,
379,11,18/01/2014,1:00 PM,Afternoon,Saturday,48,Middle Age,F,Motorcycle,0,Sangvi,Poor,Sant Tukaramnagar New Sangvi,Sangvi,Street,73500,High,2,18.581203,73.810303,
380,3,18/01/2014,1:00 PM,Afternoon,Saturday,52,Old,F,Motorcycle,0,Yerawada,Lower Middle,Yerawada,Yerawada,Street,40000,Low,2,18.55831,73.886036,
381,6,18/01/2014,7:00 PM,Evening,Saturday,70,Very Old,F,Motorcycle,0,Bhosari,Poor,Kalewadi Bhosari,Bhosari,Street,33000,Low,2,18.61665,73.789801,
382,4,19/01/2014,8:00 AM,Early Morning,Sunday,64,Very Old,F,Motorcycle,0,Shivajinagar,Upper Middle,Shivajinagar,Chatushrungi,Street,40000,Low,2,18.530846,73.847473,
383,1,19/01/2014,12:00 PM,Afternoon,Sunday,82,Very Old,F,Motorcycle,0,Kothrud,Upper middle,Kothrud,Kothrud,Street,65000,Medium,2,18.508729,73.812522,
384,3,22/01/2014,2:00 PM,Afternoon,Wednesday,54,Old,F,Motorcycle,0,Dattawadi,Poor,Dattawadi,Dattawadi,Street,70000,Medium,2,18.497273,73.839184,
385,6,22/01/2014,3:00 PM,Afternoon,Wednesday,52,Old,F,Motorcycle,0,Ghorpadi,Poor,Gorpadi,Mundhwa,Street,33000,Low,2,18.518923,73.897856,
386,3,22/01/2014,3:00 PM,Afternoon,Wednesday,52,Old,F,Motorcycle,0,Pimpri,Lower middle,Pimpri,Pimpri,Street,50000,Medium,2,18.620544,73.76181,
387,5,22/01/2014,7:00 PM,Evening,Wednesday,45,Middle Age,F,Motorcycle,0,Lohegaon,Poor,Lohegaon,Airport,Street,25000,Low,2,18.581416,73.919313,
388,6,23/01/2014,1:00 PM,Afternoon,Thursday,57,Old,M,Motorcycle,0,Wakad,Lower Middle,Wakad Aundh,Hinjewadi,Street,68000,Medium,2,18.590182,73.779391,Gang G
389,3,23/01/2014,2:00 PM,Afternoon,Thursday,68,Very Old,M,Motorcycle,0,Karvenagar,Upper middle,Karvenagar,Warje Malwadi,Street,76000,High,2,18.489337,73.814627,Gang G
390,2,23/01/2014,2:15 PM,Afternoon,Thursday,32,Adult,M,Motorcycle,0,Sinhagad Road,Lower Middle,Anandnagar Sinhagad Road,Dattawadi,Street,35000,Low,2,18.457259,73.8037,Gang G
391,2,23/01/2014,3:00 PM,Afternoon,Thursday,59,Old,M,Motorcycle,0,Dhankawadi,Poor,Dhankawadi,Sahakarnagar,Street,37500,Low,2,18.463063,73.850717,Gang G
392,2,23/01/2014,6:00 PM,Evening,Thursday,76,Very Old,F,Motorcycle,0,Kothrud,Upper middle,Mayur Colony Kothrud,Kothrud,Street,60000,Medium,2,18.503983,73.816167,
393,3,24/01/2014,10:00 AM,Morning,Friday,62,Very Old,F,Motorcycle,0,Kondhwa,Lower Middle,Kondhwa,Kondhwa,Street,60000,Medium,2,18.466635,73.891896,
394,7,25/01/2014,11:00 AM,Morning,Saturday,64,Very Old,F,Motorcycle,0,Mundhwa,Poor,Mundhwa,Mundhwa,Street,28000,Low,2,18.529462,73.918369,
395,4,25/01/2014,1:00 PM,Afternoon,Saturday,65,Very Old,F,Motorcycle,0,Erandwana,Upper Middle,Erandwana Kothrud,Kothrud,Street,50000,Medium,2,18.507081,73.833139,
396,1,25/01/2014,6:30 PM,Evening,Saturday,33,Adult,F,Motorcycle,0,Moshi,Poor,Moshi,Bhosari,Street,60000,Medium,2,18.578894,73.873733,
397,2,26/01/2014,10:00 PM,Night,Sunday,52,Old,F,Motorcycle,0,Hadapsar,Poor,Hadapsar,Hadapsar,Street,60000,Medium,2,18.49654,73.94191,
398,1,27/01/2014,11:00 AM,Morning,Monday,63,Very Old,F,Motorcycle,0,Kothrud,Upper middle,Karve Statue Kothrud,Kothrud,Street,26000,Low,2,18.501994,73.815029,
399,2,27/01/2014,2:30 PM,Afternoon,Monday,38,Adult,F,Motorcycle,0,Sangvi,Poor,New Sangvi Sangvi,Sangvi,Street,62000,Medium,2,18.576047,73.812233,
400,2,27/01/2014,4:00 PM,Afternoon,Monday,74,Very Old,F,Motorcycle,0,Sahakarnagar,Lower middle,Sahakarnagar Market Yard,Sahakarnagar,Street,125000,Very High,2,18.48663,73.844537,
401,2,27/01/2014,7:30 PM,Evening,Monday,70,Very Old,F,Motorcycle,0,Aundh,Lower Middle,Sanewadi Aundh,Aundh,Street,31000,Low,2,18.553468,73.80587,
402,2,28/01/2014,9:00 AM,Morning,Tuesday,62,Very Old,F,Motorcycle,0,Kothrud,Upper middle,Mantri Park Kothrud,Kothrud,Street,60000,Medium,2,18.499735,73.810569,
403,11,28/01/2014,9:30 AM,Morning,Tuesday,32,Adult,F,Motorcycle,0,Bibvewadi,Lower Middle,Bibvewadi Market Yard,Market Yard,Street,71000,High,2,18.487627,73.868459,
404,11,28/01/2014,11:00 AM,Morning,Tuesday,34,Adult,F,Motorcycle,0,Bhusari Colony,Lower Middle,Bhusari Colony Paud Road,Kothrud,Street,24000,Low,2,18.508363,73.790699,
405,2,28/01/2014,11:00 AM,Morning,Tuesday,70,Very Old,F,Motorcycle,0,Bhusari Colony,Lower Middle,Bhusari Colony Paud Road,Kothrud,Street,60000,Medium,2,18.508444,73.790657,
406,6,28/01/2014,12:30 PM,Afternoon,Tuesday,67,Very Old,F,Motorcycle,0,Nigdi,Lower middle,Nigdi,Nigdi,Street,72000,High,2,18.651613,73.76836,
407,6,30/01/2014,2:00 PM,Afternoon,Thursday,60,Old,F,0,0,Kasarwadi,Poor,Kasarwadi railway station ,Bhosari,Railway Station,80000,High,2,18.607804,73.820942,
408,2,30/01/2014,5:00 PM,Evening,Thursday,74,Very Old,F,0,0,Warje Malwadi,Lower Middle,Warje Malwari,Warje Malwadi,House,75000,High,1,18.474778,73.802103,
409,outlier ,31/01/2014,9:00 PM,Morning,Friday,40,Adult,M,0,Assault,Mundhwa,Poor,Keshavnagar Mundhwa,Mundhwa,House,40000,Low,3,18.53275,73.947045,
410,12,02/02/2014,2:30 PM,Afternoon,Sunday,40,Adult,M,Car,Assault,Pune-Satara Highway,Lower Middle,Katraj Ghat section,Bharati Vidyapeeth,Street,73000,High,4,18.450345,73.858191,
411,12,02/02/2014,3:30 PM,Afternoon,Sunday,38,Adult,M,Car,0,Market Yard,Lower Middle,Bibvewadi-Kondhwa Road,Market Yard,Street,249000,Very High,4,18.480549,73.870434,
412,2,13/02/2014,3:00 PM,Afternoon,Thursday,28,Young,F,Motorcycle,Assault,Budhwar Peth,Poor,Budhwar Peth,Faraskhana,Street,25000,Low,2,18.517124,73.85806,
413,11,13/02/2014,3:00 PM,Afternoon,Thursday,65,Very Old,F,Motorcycle,0,Karvenagar,Upper Middle,Karvenagar,Karvenagar,Street,60000,Medium,2,18.490886,73.820179,
414,2,13/02/2014,3:45 PM,Afternoon,Thursday,46,Middle Age,F,Motorcycle,0,Vishrantwadi,Lower Middle,Tingrenagar,Vishrantwadi,"Street	",55000,Medium,2,18.5736,73.878697,
415,2,13/02/2014,4:45 PM,Afternoon,Thursday,60,Old,F,Motorcycle,0,Sahakarnagar,Upper Middle,Sahakarnagar ,Sahakarnagar ,Street,70000,Medium,2,18.475684,73.854389,
416,2,13/02/2014,7:00 PM,Evening,Thursday,69,Very Old,F,Motorcycle,0,Erandwane,Rich,Avishkar Society,Kothrud,Street,50000,Medium,2,18.515381,73.816317,
417,2,13/02/2014,7:30 PM,Evening,Thursday,73,Very Old,F,Motorcycle,0,Chinchwad,Lower Middle,Chinchwad,Chinchwad,Temple,21000,Low,2,18.627735,73.780874,
418,10,14/02/2014,6:00 PM,Evening,Friday,75,Very Old,"F	",Motorcycle,0,Karvenagar,Upper Middle,Karvenagar,Karvenagar,Street,70000,Medium,2,18.490927,73.817776,
419,3,15/02/2014,6:00 PM,Evening,Saturday,58,Old,F,Motorcycle,0,Karvenagar,Upper Middle,Karvenagar,Kothrud,Street,70000,Medium,1,18.490927,73.820179,
420,10,15/02/2014,7:00 PM,Evening,Saturday,42,Middle Age,F,Motorcycle,0,Chinchwad,Lower Middle,Dalvinagar,Karvenagar,Street,45000,Medium,2,18.643928,73.781979,
421,4,16/02/2014,8:45 AM,Early Morning,Sunday,65,Very Old,F,Motorcycle,0,Karvenagar,Upper Middle,Tol Hospital,Kothrud,Street,52000,Medium,2,18.49516,73.828333,
422,8,16/02/2014,9:45 AM,Morning,Sunday,62,Very Old,F,Motorcycle,0,Warje Malwadi,Lower Middle,Warje,Warje Malwari,Street,60000,Medium,2,18.474778,73.799399,
423,6,20/02/2014,7:30 PM,Evening,Thursday,39,Adult,F,Motorcycle,0,Pune-Alandi Road,Lower Middle,Near Bopkhel,Vishrantwadi,Street,110000,Very High,2,18.598595,73.873137,
424,2,21/02/2014,7:30 PM,Evening,Friday,76,Very Old,F,Motorcycle,0,Kothrud,Upper Middle,New Ajanta Avenue,Kothrud,Street,64000,Medium,2,18.5076,73.79796,
425,outlier ,21/02/2014,7:45 PM,Evening,Friday,44,Middle Age,F,Motorcycle,0,Karvenagar,Upper Middle,Alankar Society,Kothrud,Street,30000,Low,1,18.491149,73.82631,
426,11,22/02/2014,9:30 AM,Morning,Saturday,59,Old,F,Motorcycle,0,Dattawadi,Poor,Dattawadi,Dattawadi,Street,80000,High,2,18.653357,73.777927,
427,1,22/02/2014,10:00 AM,Morning,Saturday,70,Very Old,F,Motorcycle,0,Bhusari Colony,Poor,Indira Shankarnagari,Kothrud,Street,50000,Medium,2,18.512383,73.791146,
428,7,22/02/2014,11:00 AM,Morning,Saturday,65,Very Old,F,Motorcycle,0,Chinchwad,Lower Middle,Ruston Colony,Chinchwad,Street,40000,Low,2,18.634468,73.776412,
429,2,22/02/2014,7:30 PM,Evening,Saturday,62,Very Old,M,Motorcycle,0,Nigdi,Lower Middle,Nigdi,Nigdi,Street,45000,Medium,2,18.652153,73.765439,
430,7,23/02/2014,2:00 PM,Afternoon,Sunday,40,Adult,F,Motorcycle,0,Warje,Lower Middle,Rajyog society,Warje,Street,70000,Medium,2,18.487732,73.868077,
431,5,23/02/2014,7:00 PM,Evening,Sunday,60,Old,F,Motorcycle,0,Dhankawadi,Poor,Dhankawadi,Sahakarnagar,Street,35000,Low,2,18.463178,73.847128,
432,2,23/02/2014,7:30 PM,Evening,Sunday,40,Adult,F,Motorcycle,0,Senapati Bapat road,Rich,Senapati Bapat road,Chatushrungi,Street,22500,Low,2,18.538874,73.829906,
433,6,23/02/2014,8:45 PM,Night,Sunday,50,Middle Age,F,Motorcycle,0,Warje,Lower Middle,Uttamnagar,Warje,Street,30000,Low,2,18.460378,73.772211,
434,12,23/02/2014,9:00 PM,Night,Sunday,28,Young,F,Motorcycle,0,Warje,Lower Middle,Uttamnagar,Warje,Street,77000,High,2,18.460374,73.772211,
435,4,24/02/2014,8:00 AM,Early Morning,Monday,67,Very Old,F,Motorcycle,0,Market Yard,Lower Middle,Market Yard,Marketyard,Street,30000,Low,2,18.487691,73.868184,
436,5,25/02/2014,2:15 PM,Afternoon,Tuesday,35,Adult,F,Motorcycle,0,Chinchwad,Lower Middle,Rahatani,Chinchwad,Street,105000,Very High,2,18.599811,73.792895,
437,11,25/02/2014,3:00 PM,Afternoon,Tuesday,40,Adult,F,Motorcycle,0,Chinchwad,Lower Middle,Chinchwad,Chinchwad,Street,72000,High,2,18.630285,73.799183,
438,4,25/02/2014,3:30 PM,Afternoon,Tuesday,56,Old,F,Motorcycle,0,Aundh,Upper Middle,Aundh,Aundh,Street,75000,High,2,18.557618,73.807725,
439,2,25/02/2014,4:45 PM,Afternoon,Tuesday,43,Middle Age,F,Motorcycle,0,Kothrud,Upper Middle,Kothrud,Kothrud,Street,60000,Medium,2,18.557455,73.807639,
440,outlier ,25/02/2014,6:15 PM,Evening,Tuesday,37,Adult,F,Motorcycle,0,Airport road,Lower Middle,Airport road,Airport road,Street,65000,Medium,2,18.549773,73.889116,
441,2,25/02/2014,6:30 PM,Evening,Tuesday,47,Middle Age,F,Motorcycle,0,Akurdi,Poor,Akurdi,Akurdi,Street,72000,High,2,18.649632,73.776992,
442,6,25/02/2014,6:30 PM,Evening,Tuesday,59,Old,F,Motorcycle,0,Katraj,Lower Middle,Katraj,Katraj,Street,30500,Low,2,18.441868,73.866632,
443,outlier ,25/02/2014,10:00 PM,Night,Tuesday,24,Young,M,Motorcycle,0,Khadki,Lower Middle,Khadki railway station,Khadki,Street,60000,Medium,3,18.570587,73.859276,
444,5,26/02/2014,8:00 PM,Evening,Wednesday,47,Middle Age,F,Motorcycle,0,Yerawada,Lower Middle,Bajirao road,Vishrambaug,Street,90000,High,1,18.653526,73.761276,
445,5,26/02/2014,9:00 PM,Night,Wednesday,55,Old,F,Motorcycle,0,Koregaon park,Rich,Koregaon park,Koregaon park,Park,32000,Low,2,18.535877,73.888779,
446,1,01/03/2014,7:15 PM,Evening,Saturday,39,Adult,F,Motorcycle,0,Bhosari,Poor,Indrayaninagar Bhosari,Bhosari,Street,50000,Medium,2,18.6357,73.841155,
447,10,01/03/2014,7:45 PM,Evening,Saturday,28,Young,F,Motorcycle,0,Chinchwad,Lower Middle,Chinchwad,Nigdi,Street,60000,Medium,2,18.629606,73.801308,
448,2,01/03/2014,8:00 PM,Evening,Saturday,36,Adult,F,Motorcycle,0,New Sangvi,Lower Middle,New Sangvi,Pimpri,Victim on Bike,30000,Low,2,18.579403,73.813681,
449,4,01/03/2014,8:15 PM,Night,Saturday,63,Very Old,F,Motorcycle,0,Bopodi,Lower Middle,Bopodi,Bopodi,Street,36000,Low,2,18.566789,73.834508,
450,9,01/03/2014,9:00 PM,Night,Saturday,50,Middle Age,F,Motorcycle,0,Pimpri,Lower Middle,Morwadi Pimpri,Pimpri,Street,75000,High,2,18.633337,73.805047,
451,2,04/03/2014,10:00 AM,Morning,Tuesday,63,Very Old,F,Motorcycle,0,Bavdhan,Upper Middle,Bavdhan,Hinjewadi,Victim on Bike,50000,Medium,2,18.504538,73.764298,
452,10,04/03/2014,10:30 AM,Morning,Tuesday,26,Young,F,Motorcycle,0,Pisoli,Poor,Pisoli,Kondhwa,Victim on Bike,45000,Medium,2,18.449334,73.90803,
453,2,04/03/2014,11:00 AM,Morning,Tuesday,54,Old,F,Motorcycle,0,Balewadi,Lower Middle,Balewadi,Balewadi,Street,48000,Medium,2,18.58239,73.767512,
454,2,06/03/2014,1:30 PM,Afternoon,Thursday,33,Adult,F,Motorcycle,0,Chinchwad,Lower Middle,Chinchwad,Chichwad,Street,50000,Medium,2,18.629824,73.79953,
455,3,06/03/2014,2:45 PM,Afternoon,Thursday,68,Very Old,F,Motorcycle,0,Kothrud,Upper Middle,Maurya Vihar Society Kothrud,Kothrud,Street,10000,Low,2,18.500936,73.800894,
456,1,06/03/2014,7:45 PM,Night,Thursday,49,Middle Age,F,Motorcycle,0,Shahunagar,Poor,Shahunagar,Bhosari MIDC,Victim on Bike,35000,Low,2,18.65666,73.80804,Gang X
457,11,06/03/2014,8:00 PM,Night,Thursday,54,Old,F,Motorcycle,0,Indrayaninagar,Poor,Indrayaninagar,Bhosari MIDC,Street,70000,High,2,18.634791,73.840602,Gang X
458,1,06/03/2014,8:15 PM,Night,Thursday,47,Middle Age,F,Motorcycle,0,Moshi,Poor,Moshi,Bhosari MIDC,Street,20000,Low,2,18.673032,73.847659,Gang X
459,11,07/03/2014,8:00 AM,Morning,Saturday,48,Middle Age,F,Motorcycle,0,Dhankawadi,Poor,Dhankawadi,Sahakarnagar,Street,40000,Low,2,18.463668,73.849982,
460,2,07/03/2014,6:15 PM,Evening,Saturday,70,Very Old,F,Motorcycle,0,Sahakarnagar,Upper Middle,Valvekar Garden Road Sahakarnagar,Sahakarnagar,Street,75000,High,2,18.483817,73.855413,
461,6,09/03/2014,10:30 AM,Morning,Sunday,50,Middle Age,F,Motorcycle,0,Karvenagar,Upper Middle,Sahawas Society Karvenagar,Warje Malwadi,Street,17000,Low,2,18.495141,73.820124,Gang Y
462,8,09/03/2014,10:40 AM,Morning,Sunday,76,Very Old,F,Motorcycle,0,Dhankawadi,Lower Middle,Dhankawadi,Dhankawadi,Street,18000,Low,2,18.463103,73.850583,Gang Y
463,7,09/03/2014,11:15 AM,Morning,Sunday,54,Old,F,Motorcycle,0,Katraj,Lower Middle,Katraj Dairy,Bharati Vidyapeeth,Street,80000,High,2,18.453807,73.856476,Gang Y
464,4,09/03/2014,1:30 PM,Afternoon,Sunday,50,Middle Age,F,Motorcycle,0,Nigdi Pradhikaran,Lower Middle,Nigdi Pradhikaran,Nigdi,Street,42000,Medium,2,18.651206,73.767826,Gang Y
465,5,09/03/2014,7:30 PM,Evening,Sunday,60,Old,F,Motorcycle,0,Katraj,Lower Middle,Katraj Dairy,Bharati Vidyapeeth,Street,60000,Medium,2,18.453797,73.857159,Gang Y
466,2,09/03/2014,7:30 PM,Evening,Sunday,66,Very Old,F,Motorcycle,0,Bibvewadi,Lower Middle,Bibvewadi,Bharati Vidyapeeth,Street,30000,Low,2,18.470247,73.868121,Gang Y
467,6,09/03/2014,8:00 PM,Night,Sunday,45,Middle Age,F,Motorcycle,0,Indrayaninagar,Poor,Bhosari,Bhosari,Street,25000,Low,2,18.635373,73.840763,Gang Y
468,2,09/03/2014,9:15 PM,Night,Sunday,55,Old,F,Motorcycle,0,Sinhagad Road,Lower Middle,Sinhagad Road,Dattawadi,Street,22000,Low,2,18.495035,73.837103,Gang Y
469,7,17/03/2014,9:00 AM,Morning,Monday,61,Very Old,F,Motorcycle,0,Dhankawadi,Lower Middle,Dhankawadi,Sahakarnagar,Street,90000,High,2,18.46289,73.850223,
470,2,19/03/2014,3:45 PM,Afternoon,Wednesday,22,Young,F,Motorcycle,0,Bavdhan,Lower Middle,Bavdhan,Hinjewadi,Street,15000,Low,2,18.504655,73.765361,
471,4,20/03/2014,8:30 AM,Morning,Thursday,52,Old,F,Motorcycle,0,Market Yard,Lower Middle,Bibvewadi-Kondhwa Road,Market Yard,Street,30000,Low,2,18.480484,73.870388,
472,2,20/03/2014,8:30 AM,Morning,Thursday,62,Very Old,F,Motorcycle,0,Hadapsar,Lower Middle,Hadapsar,Hadapsar,Street,38000,Low,2,18.496912,73.940957,
473,11,20/03/2014,9:00 AM,Morning,Thursday,37,Adult,F,Motorcycle,0,Sahakarnagar,Lower Middle,Tulshibaugwale Colony Sahakarnagar,Dattawadi,Street,60000,Medium,2,18.489683,73.843786,
474,7,20/03/2014,9:15 AM,Morning,Thursday,62,Very Old,F,Motorcycle,0,Kothrud,Upper Middle,Kothrud,Kothrud,Street,54000,Medium,2,18.50924,73.812273,
475,4,20/03/2014,10:15 AM,Morning,Thursday,55,Old,F,Motorcycle,0,Pimpri,Lower Middle,Sant Tukaramnagar Pimpri,Pimpri,Street,63000,Medium,2,18.62195,73.859748,
476,11,22/03/2014,3:30 PM,Afternoon,Saturday,43,Middle Age,F,Motorcycle,0,Pimple Gurav,Lower Middle,Pimple Gurav,Sangvi,Street,48000,Medium,2,18.586481,73.815161,Gang Z
477,2,22/03/2014,3:50 PM,Afternoon,Saturday,48,Middle Age,F,Motorcycle,0,Chinchwad,Lower Middle,Chinchwad,Chichwad,Street,90000,High,2,18.629229,73.798457,Gang Z
